AK,Aleutians East Borough,2744,19,0
AK,Aleutians West Census Area,4659,34,0
AK,Anchorage Municipality,286174,4542,1402
AK,Bethel Census Area,17352,438,82
AK,Bristol Bay Borough,881,6,2
AK,Denali Borough,1851,22,0
AK,Dillingham Census Area,4957,95,9
AK,Fairbanks North Star Borough,98660,1828,339
AK,Haines Borough,2399,20,4
AK,Hoonah-Angoon Census Area,2127,22,2
AK,Juneau City and Borough,30796,398,125
AK,Kenai Peninsula Borough,54665,700,364
AK,Ketchikan Gateway Borough,13005,190,93
AK,Kodiak Island Borough,13346,219,23
AK,Lake and Peninsula Borough,1485,29,0
AK,Matanuska-Susitna Borough,88379,1325,412
AK,Nome Census Area,9391,242,55
AK,North Slope Borough,6752,174,22
AK,Northwest Arctic Borough,7444,173,32
AK,Petersburg Census Area,3773,42,15
AK,Prince of Wales-Hyder Census Area,5560,65,9
AK,Sitka City and Borough,8747,125,39
AK,Skagway Municipality,920,10,0
AK,Southeast Fairbanks Census Area,6892,116,29
AK,Valdez-Cordova Census Area,9324,117,37
AK,Wade Hampton Census Area,7731,239,26
AK,Wrangell City and Borough,2147,23,6
AK,Yakutat City and Borough,685,6,0
AK,Yukon-Koyukuk Census Area,5627,88,13
AL,Autauga,50756,710,456
AL,Baldwin,179878,2281,1730
AL,Barbour,29737,346,314
AL,Bibb,21587,252,233
AL,Blount,58345,733,585
AL,Bullock,10985,150,107
AL,Butler,19964,277,281
AL,Calhoun,114081,1515,1338
AL,Chambers,34320,405,456
AL,Cherokee,24448,248,297
AL,Chilton,42971,556,420
AL,Choctaw,13990,157,178
AL,Clarke,26042,316,288
AL,Clay,13640,137,150
AL,Cleburne,14759,182,191
AL,Coffee,48635,662,489
AL,Colbert,54639,610,651
AL,Conecuh,12931,154,173
AL,Coosa,10556,104,120
AL,Covington,36678,462,492
AL,Crenshaw,13781,180,162
AL,Cullman,81778,1018,912
AL,Dale,48147,711,467
AL,Dallas,41925,650,522
AL,DeKalb,69380,999,701
AL,Elmore,79233,1077,678
AL,Escambia,37434,470,426
AL,Etowah,103645,1281,1320
AL,Fayette,17371,179,191
AL,Franklin,31091,478,368
AL,Geneva,25961,298,298
AL,Greene,8829,107,106
AL,Hale,17975,222,212
AL,Henry,16647,196,222
AL,Houston,100085,1368,965
AL,Jackson,52838,604,599
AL,Jefferson,665027,9012,6975
AL,Lamar,14200,150,181
AL,Lauderdale,89599,1010,978
AL,Lawrence,34106,394,328
AL,Lee,135883,1648,870
AL,Limestone,78572,969,672
AL,Lowndes,12293,174,148
AL,Macon,21789,247,274
AL,Madison,327744,4199,2504
AL,Marengo,20943,281,245
AL,Marion,29116,329,348
AL,Marshall,90399,1495,965
AL,Mobile,411721,5936,3910
AL,Monroe,22389,283,248
AL,Montgomery,224119,3277,1989
AL,Morgan,117293,1574,1137
AL,Perry,10623,153,161
AL,Pickens,19218,236,256
AL,Pike,30461,428,317
AL,Randolph,22577,274,272
AL,Russell,50846,683,555
AL,St. Clair,81895,1053,845
AL,Shelby,192503,2856,1153
AL,Sumter,12853,165,161
AL,Talladega,80242,989,882
AL,Tallapoosa,41008,468,554
AL,Tuscaloosa,184035,2423,1560
AL,Walker,68742,831,944
AL,Washington,17069,185,153
AL,Wilcox,12384,194,165
AL,Winston,23997,254,309
AR,Arkansas,18971,239,256
AR,Ashley,21941,277,239
AR,Baxter,42157,412,694
AR,Benton,225504,3451,1372
AR,Boone,36821,430,413
AR,Bradley,11790,170,151
AR,Calhoun,5196,49,51
AR,Carroll,27938,339,272
AR,Chicot,11823,166,171
AR,Clark,23835,288,231
AR,Clay,15585,172,218
AR,Cleburne,25600,289,329
AR,Cleveland,8436,106,89
AR,Columbia,23854,319,284
AR,Conway,20799,294,241
AR,Craighead,95457,1414,820
AR,Crawford,60102,785,559
AR,Crittenden,53022,923,528
AR,Cross,18544,245,202
AR,Dallas,7991,108,103
AR,Desha,13358,189,167
AR,Drew,18624,244,163
AR,Faulkner,109386,1547,749
AR,Franklin,18016,225,218
AR,Fulton,11585,115,159
AR,Garland,98479,1202,1375
AR,Grant,17760,194,159
AR,Greene,40996,563,415
AR,Hempstead,23027,323,187
AR,Hot Spring,31787,366,335
AR,Howard,14291,215,144
AR,Independence,34634,489,395
AR,Izard,13038,145,186
AR,Jackson,16658,227,200
AR,Jefferson,78705,1081,849
AR,Johnson,24994,379,259
AR,Lafayette,7504,91,83
AR,Lawrence,16882,211,213
AR,Lee,10319,127,133
AR,Lincoln,13553,127,95
AR,Little River,12952,161,119
AR,Logan,22342,262,279
AR,Lonoke,66677,952,552
AR,Madison,15875,197,157
AR,Marion,16594,156,199
AR,Miller,43522,611,339
AR,Mississippi,46605,752,548
AR,Monroe,8171,114,127
AR,Montgomery,9009,98,112
AR,Nevada,9164,126,97
AR,Newton,8191,84,85
AR,Ouachita,25432,353,359
AR,Perry,10312,112,123
AR,Phillips,20921,369,287
AR,Pike,10627,122,129
AR,Poinsett,24682,339,307
AR,Polk,20259,257,254
AR,Pope,60214,854,560
AR,Prairie,8582,89,114
AR,Pulaski,381904,5887,3271
AR,Randolph,17952,213,211
AR,St. Francis,26255,385,270
AR,Saline,99449,1220,797
AR,Scott,11123,141,122
AR,Searcy,7944,84,107
AR,Sebastian,123597,1877,1116
AR,Sevier,16904,329,132
AR,Sharp,17664,191,255
AR,Stone,11991,136,140
AR,Union,42782,586,543
AR,Van Buren,16418,185,230
AR,Washington,200181,3282,1257
AR,White,76338,1042,748
AR,Woodruff,7359,80,120
AR,Yell,22496,357,230
AZ,Apache,70591,1357,535
AZ,Cochise,129518,1853,1267
AZ,Coconino,129849,2065,696
AZ,Gila,52199,730,735
AZ,Graham,37045,617,291
AZ,Greenlee,8041,133,45
AZ,La Paz,20012,240,220
AZ,Maricopa,4023132,65677,26590
AZ,Mohave,194825,2427,2651
AZ,Navajo,112975,2028,889
AZ,Pima,1020200,14187,9036
AZ,Pinal,340962,5876,2424
AZ,Santa Cruz,43771,832,301
AZ,Yavapai,215686,2357,2605
AZ,Yuma,196972,3577,1372
CA,Alameda,1491482,20874,9508
CA,Alpine,1041,13,4
CA,Amador,37876,306,402
CA,Butte,220577,2684,2142
CA,Calaveras,46731,398,402
CA,Colusa,21321,383,132
CA,Contra Costa,1041274,13466,7053
CA,Del Norte,29114,337,258
CA,El Dorado,178447,2014,1190
CA,Fresno,915267,17168,6020
CA,Glenn,28299,487,193
CA,Humboldt,129623,1642,1167
CA,Imperial,166874,3407,1031
CA,Inyo,17293,228,164
CA,Kern,807407,15624,5509
CA,Kings,148764,2714,814
CA,Lake,65279,772,731
CA,Lassen,34473,331,197
CA,Los Angeles,9848011,147094,60309
CA,Madera,148632,2631,937
CA,Marin,250750,2610,1838
CA,Mariposa,17792,152,172
CA,Mendocino,86040,1174,798
CA,Merced,245321,4558,1557
CA,Modoc,9107,101,109
CA,Mono,12927,167,65
CA,Monterey,410370,7469,2291
CA,Napa,134650,1712,1202
CA,Nevada,97751,919,977
CA,Orange,3026786,42907,17659
CA,Placer,348552,4411,2818
CA,Plumas,20122,187,222
CA,Riverside,2125440,34791,14968
CA,Sacramento,1400949,21660,10058
CA,San Benito,55058,846,278
CA,San Bernardino,2017673,34649,12236
CA,San Diego,3053793,47280,20124
CA,San Francisco,815358,8939,6562
CA,San Joaquin,674860,11354,4716
CA,San Luis Obispo,266971,2968,2162
CA,San Mateo,718989,9688,4689
CA,Santa Barbara,407057,6286,2917
CA,Santa Clara,1784642,26887,9142
CA,Santa Cruz,256218,3507,1670
CA,Shasta,181099,2291,1836
CA,Sierra,3174,27,26
CA,Siskiyou,44634,544,519
CA,Solano,407234,5678,2851
CA,Sonoma,472102,5940,3813
CA,Stanislaus,510385,8586,3714
CA,Sutter,92614,1522,744
CA,Tehama,61138,859,583
CA,Trinity,14165,128,178
CA,Tulare,429668,8770,2729
CA,Tuolumne,55175,506,608
CA,Ventura,802983,12139,5024
CA,Yolo,199407,2730,1204
CA,Yuba,72925,1397,511
CO,Adams,440994,7451,2532
CO,Alamosa,15424,270,121
CO,Arapahoe,565360,8249,3447
CO,Archuleta,12430,130,63
CO,Baca,3723,36,55
CO,Bent,6560,63,54
CO,Boulder,303482,3437,1516
CO,Broomfield,55990,861,275
CO,Chaffee,17156,143,159
CO,Cheyenne,1746,24,15
CO,Clear Creek,8706,88,49
CO,Conejos,7844,126,61
CO,Costilla,3148,31,18
CO,Crowley,6403,34,34
CO,Custer,4000,26,28
CO,Delta,31322,386,343
CO,Denver,610345,11113,4337
CO,Dolores,1940,31,5
CO,Douglas,288225,4356,826
CO,Eagle,53653,881,107
CO,Elbert,23287,206,114
CO,El Paso,604542,8929,3673
CO,Fremont,47815,430,517
CO,Garfield,56298,1000,280
CO,Gilpin,5604,55,29
CO,Grand,13911,156,62
CO,Gunnison,15350,185,73
CO,Hinsdale,821,7,3
CO,Huerfano,7558,60,97
CO,Jackson,1369,10,2
CO,Jefferson,536922,6184,3682
CO,Kiowa,1238,15,13
CO,Kit Carson,8402,85,68
CO,Lake,8046,122,25
CO,La Plata,51464,611,274
CO,Larimer,298382,3717,1772
CO,Las Animas,16020,196,171
CO,Lincoln,5169,57,44
CO,Logan,20772,248,197
CO,Mesa,146093,2106,1340
CO,Mineral,912,5,4
CO,Moffat,13980,217,99
CO,Montezuma,25368,328,252
CO,Montrose,41412,583,385
CO,Morgan,27850,453,235
CO,Otero,18670,281,245
CO,Ouray,4602,37,19
CO,Park,16762,149,77
CO,Phillips,4472,62,47
CO,Pitkin,16043,166,50
CO,Prowers,12982,199,120
CO,Pueblo,157224,2160,1596
CO,Rio Blanco,6534,102,48
CO,Rio Grande,11581,166,131
CO,Routt,23469,273,99
CO,Saguache,7097,77,31
CO,San Juan,555,6,0
CO,San Miguel,7558,93,7
CO,Sedgwick,2326,27,28
CO,Summit,27239,378,44
CO,Teller,21685,208,125
CO,Washington,4420,47,59
CO,Weld,254759,4251,1383
CO,Yuma,9734,154,114
CT,Fairfield,901208,10969,6566
CT,Hartford,879835,10495,7623
CT,Litchfield,188728,1812,1651
CT,Middlesex,165702,1655,1364
CT,New Haven,848006,10135,7442
CT,New London,266830,3102,2221
CT,Tolland,150461,1374,929
CT,Windham,117518,1357,933
DE,Kent,157741,2364,1355
DE,New Castle,534634,7113,4223
DE,Sussex,192747,2503,2131
FL,Alachua,243574,2962,1625
FL,Baker,26336,404,219
FL,Bay,164767,2340,1512
FL,Bradford,29235,355,266
FL,Brevard,536357,5658,5926
FL,Broward,1766476,21965,14622
FL,Calhoun,13821,158,141
FL,Charlotte,156952,1201,2277
FL,Citrus,140357,1163,2348
FL,Clay,186756,2472,1379
FL,Collier,318537,3854,2944
FL,Columbia,69264,900,730
FL,DeSoto,35297,464,274
FL,Dixie,14824,173,179
FL,Duval,857040,13150,7143
FL,Escambia,303343,4225,2947
FL,Flagler,91622,938,974
FL,Franklin,11280,117,108
FL,Gadsden,47474,757,464
FL,Gilchrist,17116,203,163
FL,Glades,10950,76,81
FL,Gulf,15755,136,148
FL,Hamilton,14592,179,118
FL,Hardee,29415,514,191
FL,Hendry,39594,717,300
FL,Hernando,171233,1712,2544
FL,Highlands,98704,1074,1443
FL,Hillsborough,1195317,17226,9174
FL,Holmes,19099,227,234
FL,Indian River,135167,1472,1782
FL,Jackson,50930,598,551
FL,Jefferson,14010,166,159
FL,Lafayette,7949,98,70
FL,Lake,312119,3530,4042
FL,Lee,586908,7367,6079
FL,Leon,265714,3323,1591
FL,Levy,39147,481,463
FL,Liberty,7983,105,44
FL,Madison,18901,242,237
FL,Manatee,318361,3911,3526
FL,Marion,328547,3819,4411
FL,Martin,139794,1331,1719
FL,Miami-Dade,2500625,33111,18641
FL,Monroe,73165,666,628
FL,Nassau,70576,864,663
FL,Okaloosa,178473,2614,1435
FL,Okeechobee,40241,575,390
FL,Orange,1086480,16558,6735
FL,Osceola,270618,4152,1737
FL,Palm Beach,1279950,15222,13797
FL,Pasco,471709,5598,5635
FL,Pinellas,909013,9027,11395
FL,Polk,583403,8360,5808
FL,Putnam,72893,1019,913
FL,St. Johns,187436,2011,1462
FL,St. Lucie,266502,3564,2730
FL,Santa Rosa,151759,1901,1061
FL,Sarasota,369765,3161,5136
FL,Seminole,413204,4817,2786
FL,Sumter,77681,654,938
FL,Suwannee,40149,546,492
FL,Taylor,21400,269,205
FL,Union,14584,176,214
FL,Volusia,495890,5322,6152
FL,Wakulla,32815,365,278
FL,Walton,55105,702,501
FL,Washington,23916,293,261
GA,Appling,18011,258,193
GA,Atkinson,8230,171,65
GA,Bacon,10601,145,119
GA,Baker,3637,28,11
GA,Baldwin,46337,584,414
GA,Banks,16799,207,131
GA,Barrow,72158,1288,492
GA,Bartow,96217,1573,788
GA,Ben Hill,17567,301,212
GA,Berrien,17044,286,177
GA,Bibb,156060,2522,1647
GA,Bleckley,12855,164,105
GA,Brantley,15643,128,145
GA,Brooks,16354,178,187
GA,Bryan,32559,523,201
GA,Bulloch,69213,889,485
GA,Burke,22797,352,254
GA,Butts,24392,336,242
GA,Calhoun,6306,80,40
GA,Camden,48277,849,268
GA,Candler,10680,186,126
GA,Carroll,114778,1788,910
GA,Catoosa,64035,804,490
GA,Charlton,10725,138,83
GA,Chatham,256992,3979,2312
GA,Chattahoochee,14402,253,22
GA,Chattooga,26619,293,291
GA,Cherokee,215084,3566,1102
GA,Clarke,116342,1652,698
GA,Clay,3113,55,17
GA,Clayton,275772,4612,1509
GA,Clinch,6988,106,72
GA,Cobb,714692,10614,3778
GA,Coffee,40868,615,386
GA,Colquitt,45596,721,427
GA,Columbia,112958,1598,687
GA,Cook,16603,246,171
GA,Coweta,127111,1918,759
GA,Crawford,12240,127,108
GA,Crisp,22210,331,257
GA,Dade,16127,179,164
GA,Dawson,22555,328,185
GA,Decatur,28838,397,323
GA,DeKalb,747274,10669,4128
GA,Dodge,19749,271,259
GA,Dooly,11819,168,121
GA,Dougherty,95859,1566,858
GA,Douglas,129703,2046,794
GA,Early,11568,180,140
GA,Echols,4213,24,8
GA,Effingham,53541,738,353
GA,Elbert,20372,258,275
GA,Emanuel,23075,374,271
GA,Evans,11695,211,121
GA,Fannin,22945,272,287
GA,Fayette,106788,1043,694
GA,Floyd,96250,1389,974
GA,Forsyth,174520,2736,813
GA,Franklin,21748,295,240
GA,Fulton,1033756,14686,6096
GA,Gilmer,29021,398,267
GA,Glascock,2801,39,37
GA,Glynn,76820,1138,772
GA,Gordon,53292,893,448
GA,Grady,25187,422,256
GA,Greene,15743,174,171
GA,Gwinnett,808167,13328,3362
GA,Habersham,43613,673,343
GA,Hall,187743,3358,1216
GA,Hancock,9219,103,107
GA,Haralson,28890,371,327
GA,Harris,30138,359,252
GA,Hart,24067,279,263
GA,Heard,11528,131,107
GA,Henry,195370,3276,1112
GA,Houston,135715,2010,963
GA,Irwin,10086,109,94
GA,Jackson,63544,1095,563
GA,Jasper,13953,177,112
GA,Jeff Davis,13659,248,150
GA,Jefferson,16478,243,205
GA,Jenkins,8450,116,79
GA,Johnson,9300,110,86
GA,Jones,27740,281,240
GA,Lamar,17550,224,182
GA,Lanier,8423,114,76
GA,Laurens,48295,701,522
GA,Lee,34410,378,164
GA,Liberty,62186,1164,302
GA,Lincoln,7913,85,92
GA,Long,12234,145,58
GA,Lowndes,106814,1832,795
GA,Lumpkin,27528,325,222
GA,McDuffie,21862,337,262
GA,McIntosh,11378,137,124
GA,Macon,13336,181,154
GA,Madison,28232,344,261
GA,Marion,6995,105,82
GA,Meriwether,22783,297,274
GA,Miller,6228,89,77
GA,Mitchell,23800,332,260
GA,Monroe,25425,280,225
GA,Montgomery,8930,121,80
GA,Morgan,18761,240,153
GA,Murray,40621,562,285
GA,Muscogee,190414,3028,1819
GA,Newton,99944,1676,714
GA,Oconee,33320,421,211
GA,Oglethorpe,14328,160,117
GA,Paulding,136655,2145,713
GA,Peach,27247,474,245
GA,Pickens,31264,353,288
GA,Pierce,18580,297,185
GA,Pike,17721,238,142
GA,Polk,42298,726,468
GA,Pulaski,9897,128,106
GA,Putnam,20495,268,203
GA,Quitman,2659,38,12
GA,Rabun,16611,204,189
GA,Randolph,7180,99,89
GA,Richmond,199768,3188,1895
GA,Rockdale,84569,1290,593
GA,Schley,4325,64,35
GA,Screven,15054,200,190
GA,Seminole,9094,126,96
GA,Spalding,64708,973,644
GA,Stephens,25700,354,312
GA,Stewart,4558,52,45
GA,Sumter,32084,486,344
GA,Talbot,6355,60,68
GA,Taliaferro,1812,24,8
GA,Tattnall,24493,349,240
GA,Taylor,8587,116,84
GA,Telfair,12792,145,153
GA,Terrell,10320,141,142
GA,Thomas,46188,709,483
GA,Tift,42959,711,387
GA,Toombs,27959,478,300
GA,Towns,11010,106,147
GA,Treutlen,7058,92,80
GA,Troup,64653,1016,653
GA,Turner,9254,142,105
GA,Twiggs,10111,110,105
GA,Union,21252,198,297
GA,Upson,27551,327,362
GA,Walker,64983,789,650
GA,Walton,87311,1321,731
GA,Ware,35914,497,441
GA,Warren,5755,73,67
GA,Washington,20879,284,255
GA,Wayne,29407,431,299
GA,Webster,2192,22,7
GA,Wheeler,7010,84,46
GA,White,25294,311,257
GA,Whitfield,93698,1819,710
GA,Wilcox,8895,96,100
GA,Wilkes,10268,123,132
GA,Wilkinson,10076,159,108
GA,Worth,21214,228,210
HI,Hawaii,177835,2691,1443
HI,Honolulu,907574,13380,6897
HI,Kalawao,83,0,2
HI,Kauai,64529,914,469
HI,Maui,145157,2108,981
IA,Adair,7350,74,102
IA,Adams,3930,37,56
IA,Allamakee,14407,199,133
IA,Appanoose,12698,166,168
IA,Audubon,6032,79,91
IA,Benton,26734,317,226
IA,Black Hawk,129276,1768,1101
IA,Boone,26072,313,274
IA,Bremer,23460,280,213
IA,Buchanan,20910,318,204
IA,Buena Vista,19601,289,180
IA,Butler,14341,178,195
IA,Calhoun,9671,100,135
IA,Carroll,20674,277,233
IA,Cass,13758,173,194
IA,Cedar,18006,211,176
IA,Cerro Gordo,43609,497,514
IA,Cherokee,11409,107,169
IA,Chickasaw,12017,159,129
IA,Clarke,9086,142,97
IA,Clay,16617,212,194
IA,Clayton,17463,210,201
IA,Clinton,48934,593,527
IA,Crawford,16416,232,165
IA,Dallas,61950,987,325
IA,Davis,8562,139,85
IA,Decatur,8231,109,88
IA,Delaware,17205,198,158
IA,Des Moines,41058,522,412
IA,Dickinson,16623,186,193
IA,Dubuque,93072,1218,834
IA,Emmet,10241,143,135
IA,Fayette,20164,231,246
IA,Floyd,15910,203,184
IA,Franklin,10540,129,133
IA,Fremont,7345,88,99
IA,Greene,9251,104,118
IA,Grundy,12177,135,133
IA,Guthrie,10833,123,138
IA,Hamilton,15238,168,159
IA,Hancock,11046,129,112
IA,Hardin,17144,217,231
IA,Harrison,15328,172,174
IA,Henry,19929,239,198
IA,Howard,9410,123,105
IA,Humboldt,9473,118,121
IA,Ida,6762,82,89
IA,Iowa,15811,206,152
IA,Jackson,19728,204,226
IA,Jasper,36257,428,365
IA,Jefferson,15472,162,155
IA,Johnson,131005,1720,596
IA,Jones,20364,242,194
IA,Keokuk,10562,120,123
IA,Kossuth,15154,170,183
IA,Lee,35447,382,398
IA,Linn,209226,2914,1498
IA,Louisa,11245,141,113
IA,Lucas,9179,102,114
IA,Lyon,11172,164,117
IA,Madison,15409,220,128
IA,Mahaska,22000,285,207
IA,Marion,32682,411,336
IA,Marshall,39259,621,476
IA,Mills,15002,190,134
IA,Mitchell,10781,137,151
IA,Monona,8882,90,154
IA,Monroe,7549,92,101
IA,Montgomery,10796,121,147
IA,Muscatine,42934,619,385
IA,O'Brien,13928,182,192
IA,Osceola,6344,80,74
IA,Page,15260,168,224
IA,Palo Alto,9279,121,127
IA,Plymouth,24210,327,234
IA,Pocahontas,7346,88,106
IA,Polk,429439,6708,2969
IA,Pottawattamie,90224,1244,875
IA,Poweshiek,18423,186,213
IA,Ringgold,4944,63,72
IA,Sac,10059,115,154
IA,Scott,166650,2301,1268
IA,Shelby,11957,113,146
IA,Sioux,32244,515,267
IA,Story,87214,1034,494
IA,Tama,17377,242,177
IA,Taylor,6344,74,86
IA,Union,12241,163,157
IA,Van Buren,7679,94,86
IA,Wapello,35334,475,406
IA,Warren,45275,586,373
IA,Washington,21258,297,245
IA,Wayne,6283,86,92
IA,Webster,38346,486,437
IA,Winnebago,10602,121,125
IA,Winneshiek,20629,198,189
IA,Woodbury,102831,1616,872
IA,Worth,7541,88,84
IA,Wright,12716,168,161
ID,Ada,384656,5804,2243
ID,Adams,3520,40,27
ID,Bannock,82539,1515,577
ID,Bear Lake,5774,76,60
ID,Benewah,9258,118,102
ID,Bingham,44668,851,270
ID,Blaine,22328,288,93
ID,Boise,7445,53,41
ID,Bonner,41403,447,369
ID,Bonneville,101329,2063,703
ID,Boundary,10951,146,101
ID,Butte,2764,39,13
ID,Camas,1109,18,2
ID,Canyon,186615,3531,1215
ID,Caribou,6914,110,57
ID,Cassia,21698,430,172
ID,Clark,952,24,1
ID,Clearwater,8043,74,92
ID,Custer,4240,43,37
ID,Elmore,28820,500,155
ID,Franklin,12676,240,92
ID,Fremont,12691,240,99
ID,Gem,16437,221,189
ID,Gooding,14430,251,125
ID,Idaho,15461,175,179
ID,Jefferson,24802,572,134
ID,Jerome,21262,423,140
ID,Kootenai,139390,1819,1102
ID,Latah,38046,436,219
ID,Lemhi,7908,90,105
ID,Lewis,3735,50,46
ID,Lincoln,4645,89,20
ID,Madison,38440,987,130
ID,Minidoka,19226,339,173
ID,Nez Perce,39211,473,431
ID,Oneida,4221,72,35
ID,Owyhee,11223,180,88
ID,Payette,23099,348,194
ID,Power,7734,145,56
ID,Shoshone,12660,127,148
ID,Teton,9337,199,19
ID,Twin Falls,75296,1258,668
ID,Valley,8726,127,61
ID,Washington,10119,131,123
IL,Adams,67054,866,826
IL,Alexander,7914,112,102
IL,Bond,18103,222,181
IL,Boone,54020,828,346
IL,Brown,6591,66,46
IL,Bureau,34699,446,385
IL,Calhoun,5019,58,59
IL,Carroll,15749,178,200
IL,Cass,13559,197,140
IL,Champaign,195671,2500,1224
IL,Christian,34253,399,403
IL,Clark,16657,196,219
IL,Clay,13538,175,169
IL,Clinton,36368,471,342
IL,Coles,52065,597,497
IL,Cook,5287037,77729,40898
IL,Crawford,19433,193,231
IL,Cumberland,10716,136,127
IL,DeKalb,107333,1422,633
IL,De Witt,16034,198,202
IL,Douglas,19169,299,194
IL,DuPage,932541,11674,5742
IL,Edgar,18471,219,249
IL,Edwards,6444,74,77
IL,Effingham,34424,487,349
IL,Fayette,20935,252,226
IL,Ford,13911,183,203
IL,Franklin,39312,496,550
IL,Fulton,36652,411,446
IL,Gallatin,5705,63,82
IL,Greene,13567,168,159
IL,Grundy,48421,803,360
IL,Hamilton,8096,88,98
IL,Hancock,18359,205,215
IL,Hardin,4358,41,61
IL,Henderson,7354,62,85
IL,Henry,49314,581,514
IL,Iroquois,29690,375,381
IL,Jackson,58103,707,432
IL,Jasper,9530,123,100
IL,Jefferson,39944,479,399
IL,Jersey,22549,271,235
IL,Jo Daviess,21990,230,235
IL,Johnson,13730,129,120
IL,Kane,511892,8820,2812
IL,Kankakee,113215,1706,1084
IL,Kendall,104821,2162,427
IL,Knox,51648,584,658
IL,Lake,712567,10065,4117
IL,LaSalle,112498,1483,1239
IL,Lawrence,16408,158,223
IL,Lee,34919,399,354
IL,Livingston,37777,522,431
IL,Logan,29776,347,314
IL,McDonough,32770,306,276
IL,McHenry,320961,4508,2061
IL,McLean,167699,2305,1083
IL,Macon,108204,1398,1179
IL,Macoupin,47774,589,565
IL,Madison,268457,3569,2621
IL,Marion,39008,485,491
IL,Marshall,12702,151,179
IL,Mason,14785,180,191
IL,Massac,14970,200,198
IL,Menard,12466,143,140
IL,Mercer,16276,182,180
IL,Monroe,33236,421,281
IL,Montgomery,29500,324,349
IL,Morgan,34897,412,399
IL,Moultrie,14392,193,193
IL,Ogle,55336,664,504
IL,Peoria,185816,2705,1710
IL,Perry,22424,261,250
IL,Piatt,16550,210,160
IL,Pike,16273,187,204
IL,Pope,3991,41,41
IL,Pulaski,6218,82,77
IL,Putnam,6009,60,55
IL,Randolph,32686,387,363
IL,Richland,15523,191,228
IL,Rock Island,146826,1985,1454
IL,St. Clair,263617,3884,2487
IL,Saline,25738,324,382
IL,Sangamon,195716,2619,1833
IL,Schuyler,6730,80,96
IL,Scott,5193,59,57
IL,Shelby,21803,274,240
IL,Stark,6019,78,82
IL,Stephenson,46537,563,531
IL,Tazewell,132466,1752,1341
IL,Union,18005,241,229
IL,Vermilion,80067,1058,941
IL,Wabash,11997,154,147
IL,Warren,17409,215,194
IL,Washington,14560,190,161
IL,Wayne,16294,192,204
IL,White,14661,182,217
IL,Whiteside,58961,759,650
IL,Will,685251,10772,3698
IL,Williamson,65169,824,735
IL,Winnebago,299702,4228,2582
IL,Woodford,38862,541,341
IN,Adams,34256,657,319
IN,Allen,353888,5324,2704
IN,Bartholomew,76063,1085,684
IN,Benton,8613,119,83
IN,Blackford,13051,133,161
IN,Boone,56287,777,448
IN,Brown,14548,102,137
IN,Carroll,19752,220,165
IN,Cass,39065,547,387
IN,Clark,108634,1451,1055
IN,Clay,26533,333,295
IN,Clinton,34367,517,337
IN,Crawford,10540,109,115
IN,Daviess,30620,516,291
IN,Dearborn,50502,673,421
IN,Decatur,25079,366,241
IN,DeKalb,42060,568,360
IN,Delaware,115192,1301,1157
IN,Dubois,41419,578,366
IN,Elkhart,200502,3381,1438
IN,Fayette,24101,307,293
IN,Floyd,74426,934,664
IN,Fountain,16852,211,195
IN,Franklin,23148,314,210
IN,Fulton,20265,256,219
IN,Gibson,32750,404,313
IN,Grant,68796,773,776
IN,Greene,32463,387,349
IN,Hamilton,279287,4273,1226
IN,Hancock,68334,1025,543
IN,Harrison,37562,464,352
IN,Hendricks,140606,1804,862
IN,Henry,47827,546,546
IN,Howard,82895,1073,878
IN,Huntington,37777,460,410
IN,Jackson,42362,572,422
IN,Jasper,32816,469,297
IN,Jay,21117,298,212
IN,Jefferson,33010,377,319
IN,Jennings,28043,372,252
IN,Johnson,141501,1963,1164
IN,Knox,37907,465,447
IN,Kosciusko,76499,1088,613
IN,LaGrange,37204,719,238
IN,Lake,494211,7038,4684
IN,LaPorte,111063,1361,1059
IN,Lawrence,45842,517,485
IN,Madison,131417,1617,1429
IN,Marion,890879,14294,7307
IN,Marshall,46903,673,422
IN,Martin,9946,114,112
IN,Miami,36001,412,317
IN,Monroe,130738,1420,813
IN,Montgomery,37862,481,364
IN,Morgan,70876,898,589
IN,Newton,13736,144,143
IN,Noble,48028,697,397
IN,Ohio,5909,65,48
IN,Orange,19559,241,211
IN,Owen,22397,235,220
IN,Parke,16896,194,149
IN,Perry,18812,235,186
IN,Pike,12259,149,152
IN,Porter,163598,2009,1217
IN,Posey,26004,255,206
IN,Pulaski,13614,165,162
IN,Putnam,36837,423,315
IN,Randolph,25696,299,273
IN,Ripley,27421,384,278
IN,Rush,17175,192,183
IN,St. Joseph,267613,3797,2339
IN,Scott,23624,279,261
IN,Shelby,44503,566,413
IN,Spencer,20039,229,194
IN,Starke,23530,342,261
IN,Steuben,33579,414,283
IN,Sullivan,21153,223,242
IN,Switzerland,9675,113,97
IN,Tippecanoe,167964,2262,1054
IN,Tipton,15892,190,156
IN,Union,7040,92,69
IN,Vanderburgh,175434,2382,1852
IN,Vermillion,16172,203,228
IN,Vigo,105967,1324,1112
IN,Wabash,32558,360,400
IN,Warren,8491,87,98
IN,Warrick,58521,730,506
IN,Washington,27729,338,280
IN,Wayne,67552,854,762
IN,Wells,27566,350,257
IN,White,23452,312,272
IN,Whitley,32861,434,292
KS,Allen,13203,160,165
KS,Anderson,7872,111,88
KS,Atchison,16411,228,160
KS,Barber,4593,55,52
KS,Barton,27464,376,279
KS,Bourbon,14884,228,178
KS,Brown,9927,136,129
KS,Butler,64084,860,552
KS,Chase,2798,32,30
KS,Chautauqua,3745,43,64
KS,Cherokee,21064,264,256
KS,Cheyenne,2700,26,40
KS,Clark,2081,26,22
KS,Clay,8704,121,96
KS,Cloud,9263,110,142
KS,Coffey,8436,107,107
KS,Comanche,1873,20,25
KS,Cowley,33634,459,361
KS,Crawford,38869,557,420
KS,Decatur,2855,22,53
KS,Dickinson,19015,239,235
KS,Doniphan,7624,75,78
KS,Douglas,116383,1343,614
KS,Edwards,3071,39,37
KS,Elk,3001,39,38
KS,Ellis,27739,388,251
KS,Ellsworth,6179,52,80
KS,Finney,42074,811,188
KS,Ford,33692,605,220
KS,Franklin,26441,397,212
KS,Geary,31751,689,202
KS,Gove,2480,25,33
KS,Graham,2435,20,34
KS,Grant,7353,128,43
KS,Gray,6005,95,61
KS,Greeley,1234,12,10
KS,Greenwood,6666,74,117
KS,Hamilton,2625,40,14
KS,Harper,5667,73,89
KS,Harvey,34247,427,346
KS,Haskell,4006,67,15
KS,Hodgeman,1906,26,15
KS,Jackson,13412,196,120
KS,Jefferson,18207,210,162
KS,Jewell,3059,25,45
KS,Johnson,542737,8008,3238
KS,Kearny,4169,51,32
KS,Kingman,7571,76,99
KS,Kiowa,2322,20,5
KS,Labette,21776,275,255
KS,Lane,1742,17,19
KS,Leavenworth,75227,992,559
KS,Lincoln,3123,31,46
KS,Linn,9335,112,88
KS,Logan,2549,23,21
KS,Lyon,33601,524,280
KS,McPherson,28866,352,341
KS,Marion,11982,123,177
KS,Marshall,10123,141,143
KS,Meade,4407,61,42
KS,Miami,30969,472,235
KS,Mitchell,6344,72,84
KS,Montgomery,34254,498,431
KS,Morris,5994,64,84
KS,Morton,3031,50,28
KS,Nemaha,9968,141,123
KS,Neosho,16046,229,200
KS,Ness,2835,31,46
KS,Norton,5330,53,63
KS,Osage,16104,192,171
KS,Osborne,3849,37,61
KS,Ottawa,5974,71,67
KS,Pawnee,6206,66,56
KS,Phillips,5272,63,89
KS,Pottawatomie,19994,329,159
KS,Pratt,9304,137,120
KS,Rawlins,2425,15,31
KS,Reno,63357,838,669
KS,Republic,4808,53,82
KS,Rice,10079,139,117
KS,Riley,71341,1030,322
KS,Rooks,4984,58,60
KS,Rush,3143,36,50
KS,Russell,6596,88,105
KS,Saline,54364,786,467
KS,Scott,4560,63,42
KS,Sedgwick,490864,8118,4038
KS,Seward,23013,478,114
KS,Shawnee,176255,2607,1677
KS,Sheridan,2435,34,35
KS,Sherman,5860,76,61
KS,Smith,3753,43,71
KS,Stafford,4342,45,57
KS,Stanton,2107,35,9
KS,Stevens,5129,85,38
KS,Sumner,23488,318,236
KS,Thomas,7343,84,76
KS,Trego,2920,40,40
KS,Wabaunsee,6846,93,62
KS,Wallace,1408,18,11
KS,Washington,5683,60,77
KS,Wichita,2109,30,13
KS,Wilson,9474,108,122
KS,Woodson,3240,31,58
KS,Wyandotte,155085,2644,1353
KY,Adair,18029,211,185
KY,Allen,18982,241,203
KY,Anderson,21790,253,186
KY,Ballard,8161,98,105
KY,Barren,41747,570,453
KY,Bath,11618,156,127
KY,Bell,28972,355,369
KY,Boone,118576,1873,744
KY,Bourbon,19729,244,194
KY,Boyd,48527,574,572
KY,Boyle,29263,323,311
KY,Bracken,8653,115,82
KY,Breathitt,15575,177,201
KY,Breckinridge,19057,245,196
KY,Bullitt,75653,834,481
KY,Butler,13329,162,133
KY,Caldwell,12870,141,171
KY,Calloway,36348,377,347
KY,Campbell,88423,1112,852
KY,Carlisle,5209,67,61
KY,Carroll,10703,154,114
KY,Carter,26771,347,286
KY,Casey,16498,184,187
KY,Christian,80938,1473,642
KY,Clark,36159,442,354
KY,Clay,23629,264,241
KY,Clinton,9403,121,132
KY,Crittenden,9110,110,109
KY,Cumberland,6706,71,90
KY,Daviess,95394,1361,945
KY,Edmonson,11926,119,113
KY,Elliott,9083,79,103
KY,Estill,14859,184,176
KY,Fayette,296545,3985,2082
KY,Fleming,14667,190,147
KY,Floyd,41899,533,483
KY,Franklin,48968,609,502
KY,Fulton,6814,75,101
KY,Gallatin,8202,124,92
KY,Garrard,17085,184,145
KY,Grant,25542,395,204
KY,Graves,37719,455,428
KY,Grayson,25581,326,278
KY,Green,11510,123,127
KY,Greenup,38020,421,445
KY,Hancock,8635,122,82
KY,Hardin,99770,1543,752
KY,Harlan,30956,371,410
KY,Harrison,18794,233,196
KY,Hart,18396,237,181
KY,Henderson,45496,605,440
KY,Henry,16060,202,162
KY,Hickman,4851,49,63
KY,Hopkins,46167,568,557
KY,Jackson,13243,161,154
KY,Jefferson,721594,9903,7061
KY,Jessamine,47589,671,359
KY,Johnson,23827,293,272
KY,Kenton,158729,2366,1321
KY,Knott,17126,179,160
KY,Knox,32710,504,378
KY,Larue,13663,163,161
KY,Laurel,57749,740,551
KY,Lawrence,16573,195,185
KY,Lee,7339,72,103
KY,Leslie,11503,125,130
KY,Letcher,23633,285,310
KY,Lewis,13752,176,165
KY,Lincoln,25172,315,252
KY,Livingston,9598,98,111
KY,Logan,27174,351,288
KY,Lyon,8291,56,112
KY,McCracken,65880,806,759
KY,McCreary,17795,240,184
KY,McLean,9607,107,109
KY,Madison,83258,1059,595
KY,Magoffin,13166,162,135
KY,Marion,19486,274,175
KY,Marshall,31200,329,387
KY,Martin,13070,141,125
KY,Mason,17378,200,187
KY,Meade,26501,241,163
KY,Menifee,6593,72,78
KY,Mercer,21920,272,229
KY,Metcalfe,10063,130,134
KY,Monroe,11569,143,129
KY,Montgomery,25835,354,226
KY,Morgan,14092,143,126
KY,Muhlenberg,31274,350,376
KY,Nelson,43550,627,324
KY,Nicholas,6874,84,89
KY,Ohio,23534,331,271
KY,Oldham,58095,668,326
KY,Owen,11380,135,111
KY,Owsley,4619,61,71
KY,Pendleton,14887,172,127
KY,Perry,29136,373,376
KY,Pike,65446,697,775
KY,Powell,13566,174,172
KY,Pulaski,60853,773,714
KY,Robertson,2237,21,19
KY,Rockcastle,16504,199,184
KY,Rowan,22872,260,199
KY,Russell,17377,207,188
KY,Scott,45841,734,256
KY,Shelby,42078,578,308
KY,Simpson,17019,203,175
KY,Spencer,17737,215,115
KY,Taylor,24420,287,254
KY,Todd,12253,189,118
KY,Trigg,13290,149,154
KY,Trimble,8958,116,89
KY,Union,14990,159,164
KY,Warren,108669,1501,873
KY,Washington,11257,142,118
KY,Wayne,20748,244,221
KY,Webster,13706,181,149
KY,Whitley,38813,480,464
KY,Wolfe,7099,109,115
KY,Woodford,24986,315,202
LA,Acadia Parish,60095,978,643
LA,Allen Parish,25636,333,235
LA,Ascension Parish,104822,1735,678
LA,Assumption Parish,22874,276,220
LA,Avoyelles Parish,42511,648,504
LA,Beauregard Parish,35419,475,317
LA,Bienville Parish,14729,194,206
LA,Bossier Parish,111492,1771,913
LA,Caddo Parish,253623,3737,2565
LA,Calcasieu Parish,187554,2781,1793
LA,Caldwell Parish,10439,123,115
LA,Cameron Parish,6584,57,40
LA,Catahoula Parish,10460,154,112
LA,Claiborne Parish,16118,169,191
LA,Concordia Parish,18989,272,218
LA,De Soto Parish,26401,378,288
LA,East Baton Rouge Parish,434633,5995,3488
LA,East Carroll Parish,8102,141,84
LA,East Feliciana Parish,20970,258,237
LA,Evangeline Parish,35330,528,390
LA,Franklin Parish,19807,288,250
LA,Grant Parish,20164,262,198
LA,Iberia Parish,75101,1128,678
LA,Iberville Parish,32505,468,353
LA,Jackson Parish,15063,203,191
LA,Jefferson Parish,443342,5429,4253
LA,Jefferson Davis Parish,31097,460,329
LA,Lafayette Parish,210954,3179,1605
LA,Lafourche Parish,93682,1171,795
LA,La Salle Parish,13964,181,159
LA,Lincoln Parish,43286,578,350
LA,Livingston Parish,123326,1858,906
LA,Madison Parish,11385,207,150
LA,Morehouse Parish,28223,370,366
LA,Natchitoches Parish,39255,626,391
LA,Orleans Parish,354850,4558,3517
LA,Ouachita Parish,151502,2344,1413
LA,Plaquemines Parish,20942,256,177
LA,Pointe Coupee Parish,22447,307,266
LA,Rapides Parish,133937,1988,1400
LA,Red River Parish,9003,139,96
LA,Richland Parish,20422,301,241
LA,Sabine Parish,23733,344,230
LA,St. Bernard Parish,40655,622,384
LA,St. Charles Parish,51611,696,389
LA,St. Helena Parish,10551,109,111
LA,St. James Parish,21054,315,198
LA,St. John the Baptist Parish,47086,714,372
LA,St. Landry Parish,92326,1431,937
LA,St. Martin Parish,52217,763,453
LA,St. Mary Parish,50815,762,504
LA,St. Tammany Parish,231495,3195,1936
LA,Tangipahoa Parish,118688,1874,1132
LA,Tensas Parish,5609,83,64
LA,Terrebonne Parish,109291,1701,884
LA,Union Parish,22584,311,260
LA,Vermilion Parish,56141,810,549
LA,Vernon Parish,46616,751,323
LA,Washington Parish,45669,657,563
LA,Webster Parish,40544,529,527
LA,West Baton Rouge Parish,22638,322,209
LA,West Carroll Parish,11329,136,124
LA,West Feliciana Parish,15055,121,127
LA,Winn Parish,15331,192,181
MA,Barnstable,221151,1921,2803
MA,Berkshire,129288,1307,1500
MA,Bristol,547433,6504,4986
MA,Dukes,15974,160,149
MA,Essex,742582,9032,6305
MA,Franklin,71778,696,636
MA,Hampden,471081,5919,4358
MA,Hampshire,156044,1256,1192
MA,Middlesex,1505006,17115,11083
MA,Nantucket,11322,165,74
MA,Norfolk,666303,7515,5463
MA,Plymouth,498344,5949,4105
MA,Suffolk,753580,9661,5179
MA,Worcester,803701,9768,6648
MD,Allegany,72532,705,880
MD,Anne Arundel,521209,6904,3803
MD,Baltimore,789814,9898,7610
MD,Calvert,89212,1026,634
MD,Caroline,33367,512,305
MD,Carroll,170089,1932,1377
MD,Cecil,100796,1305,812
MD,Charles,142226,1922,902
MD,Dorchester,32043,424,387
MD,Frederick,227980,3029,1504
MD,Garrett,29555,302,323
MD,Harford,242514,3021,1814
MD,Howard,281884,3411,1417
MD,Kent,20247,230,240
MD,Montgomery,971600,13662,5497
MD,Prince George's,834560,12335,5339
MD,Queen Anne's,47958,547,375
MD,St. Mary's,102999,1547,685
MD,Somerset,25959,282,253
MD,Talbot,36262,411,452
MD,Washington,145910,1857,1357
MD,Wicomico,94222,1364,898
MD,Worcester,49122,497,597
MD,Baltimore City,637418,9861,6758
ME,Androscoggin,106539,1289,1055
ME,Aroostook,71488,679,875
ME,Cumberland,278559,2830,2447
ME,Franklin,29735,292,260
ME,Hancock,53447,523,570
ME,Kennebec,121090,1270,1194
ME,Knox,40801,399,452
ME,Lincoln,34576,305,364
ME,Oxford,56244,586,613
ME,Penobscot,149419,1637,1426
ME,Piscataquis,16795,168,228
ME,Sagadahoc,36391,390,348
ME,Somerset,50947,534,529
ME,Waldo,38287,384,371
ME,Washington,32107,334,438
ME,York,201876,2063,1724
MI,Alcona,11091,72,178
MI,Alger,9286,86,102
MI,Allegan,113449,1533,872
MI,Alpena,29289,298,356
MI,Antrim,23834,242,248
MI,Arenac,16092,170,192
MI,Baraga,8604,95,102
MI,Barry,58434,722,491
MI,Bay,107434,1285,1074
MI,Benzie,17227,193,192
MI,Berrien,160472,2093,1615
MI,Branch,44737,602,422
MI,Calhoun,135616,1843,1381
MI,Cass,49925,525,449
MI,Charlevoix,25796,283,259
MI,Cheboygan,26106,254,292
MI,Chippewa,38731,407,297
MI,Clare,30104,333,388
MI,Clinton,69893,874,514
MI,Crawford,14203,131,151
MI,Delta,36918,415,422
MI,Dickinson,26691,283,366
MI,Eaton,106077,1233,836
MI,Emmet,33649,374,320
MI,Genesee,424043,5766,3993
MI,Gladwin,25724,258,304
MI,Gogebic,15936,132,224
MI,Grand Traverse,86333,1048,738
MI,Gratiot,41948,505,435
MI,Hillsdale,45650,549,441
MI,Houghton,35333,437,354
MI,Huron,32236,325,442
MI,Ingham,277633,3570,1906
MI,Ionia,62574,833,451
MI,Iosco,25817,252,405
MI,Iron,11633,97,177
MI,Isabella,67176,794,460
MI,Jackson,159828,2064,1526
MI,Kalamazoo,248407,3222,1941
MI,Kalkaska,16891,229,157
MI,Kent,608315,9347,4240
MI,Keweenaw,2305,21,25
MI,Lake,10926,115,142
MI,Lapeer,89974,1025,687
MI,Leelanau,21899,206,203
MI,Lenawee,99837,1236,879
MI,Livingston,183118,2071,1135
MI,Luce,6518,65,78
MI,Mackinac,10591,104,127
MI,Macomb,831427,9931,7448
MI,Manistee,24439,249,321
MI,Marquette,65703,675,639
MI,Mason,28637,323,313
MI,Mecosta,41775,454,348
MI,Menominee,23969,260,263
MI,Midland,82548,928,681
MI,Missaukee,14838,172,152
MI,Monroe,152721,1810,1249
MI,Montcalm,62733,851,569
MI,Montmorency,10094,90,156
MI,Muskegon,173951,2428,1569
MI,Newaygo,48686,650,458
MI,Oakland,1205508,13763,9181
MI,Oceana,27577,400,236
MI,Ogemaw,21234,223,300
MI,Ontonagon,6569,44,103
MI,Osceola,22703,301,210
MI,Oscoda,8707,88,109
MI,Otsego,23412,270,234
MI,Ottawa,261957,3744,1595
MI,Presque Isle,13436,121,179
MI,Roscommon,24682,221,378
MI,Saginaw,200050,2513,1988
MI,St. Clair,167562,2022,1502
MI,St. Joseph,61723,940,567
MI,Sanilac,42064,534,447
MI,Schoolcraft,8127,76,114
MI,Shiawassee,70006,849,653
MI,Tuscola,55395,662,535
MI,Van Buren,78227,1059,705
MI,Washtenaw,347563,4039,1958
MI,Wayne,1925848,25943,18463
MI,Wexford,31553,418,322
MN,Aitkin,15646,162,199
MN,Anoka,331582,4379,1599
MN,Becker,32076,452,328
MN,Beltrami,44350,682,333
MN,Benton,40193,591,319
MN,Big Stone,5251,56,83
MN,Blue Earth,61010,784,432
MN,Brown,25603,303,263
MN,Carlton,34327,447,335
MN,Carver,92107,1361,359
MN,Cass,28534,385,289
MN,Chippewa,12321,163,139
MN,Chisago,50625,729,350
MN,Clay,56763,812,415
MN,Clearwater,8242,123,102
MN,Cook,5472,50,33
MN,Cottonwood,11116,143,135
MN,Crow Wing,62723,835,587
MN,Dakota,396500,5509,1903
MN,Dodge,19772,307,123
MN,Douglas,36390,469,381
MN,Faribault,14506,178,203
MN,Fillmore,20838,290,237
MN,Freeborn,31002,389,362
MN,Goodhue,45836,613,436
MN,Grant,5835,73,84
MN,Hennepin,1156212,15829,7583
MN,Houston,19244,212,172
MN,Hubbard,18644,243,188
MN,Isanti,39442,521,258
MN,Itasca,44727,540,474
MN,Jackson,10786,109,135
MN,Kanabec,15899,180,136
MN,Kandiyohi,41123,621,361
MN,Kittson,4374,43,61
MN,Koochiching,13128,137,158
MN,Lac qui Parle,7110,77,101
MN,Lake,10610,102,135
MN,Lake of the Woods,3880,43,47
MN,Le Sueur,28059,379,226
MN,Lincoln,5723,68,85
MN,Lyon,25074,347,224
MN,McLeod,36939,543,290
MN,Mahnomen,5025,97,37
MN,Marshall,9184,115,80
MN,Martin,20245,247,252
MN,Meeker,23154,337,237
MN,Mille Lacs,26383,378,249
MN,Morrison,32883,467,314
MN,Mower,38215,538,385
MN,Murray,8416,94,83
MN,Nicollet,32224,402,221
MN,Nobles,20558,343,171
MN,Norman,6455,76,94
MN,Olmsted,143962,2253,880
MN,Otter Tail,56588,669,677
MN,Pennington,13842,200,139
MN,Pine,28368,335,253
MN,Pipestone,9353,150,131
MN,Polk,30776,424,348
MN,Pope,10869,132,138
MN,Ramsey,506278,7055,3975
MN,Red Lake,4188,53,39
MN,Redwood,15464,210,196
MN,Renville,15718,196,189
MN,Rice,62723,850,460
MN,Rock,9483,141,126
MN,Roseau,15911,219,131
MN,St. Louis,197767,2260,2022
MN,Scott,131939,2282,512
MN,Sherburne,87832,1429,427
MN,Sibley,14925,225,134
MN,Stearns,148955,2041,868
MN,Steele,36775,566,281
MN,Stevens,9629,106,73
MN,Swift,10823,122,118
MN,Todd,23869,329,223
MN,Traverse,3573,38,46
MN,Wabasha,21884,283,198
MN,Wadena,13269,187,200
MN,Waseca,18771,273,159
MN,Washington,231958,3164,1167
MN,Watonwan,10912,153,100
MN,Wilkin,6264,78,73
MN,Winona,49436,574,386
MN,Wright,121907,2280,663
MN,Yellow Medicine,9867,121,138
MO,Adair,25135,309,207
MO,Andrew,17052,191,155
MO,Atchison,6036,55,80
MO,Audrain,25556,415,301
MO,Barry,35881,509,415
MO,Barton,12386,145,131
MO,Bates,16761,219,190
MO,Benton,18461,180,275
MO,Bollinger,11841,149,126
MO,Boone,156377,2114,936
MO,Buchanan,89856,1243,939
MO,Butler,41471,598,521
MO,Caldwell,9160,115,107
MO,Callaway,43727,534,341
MO,Camden,40705,465,442
MO,Cape Girardeau,73957,978,715
MO,Carroll,9535,103,121
MO,Carter,5870,79,84
MO,Cass,100184,1374,821
MO,Cedar,13544,163,202
MO,Chariton,7594,96,100
MO,Christian,77455,1131,590
MO,Clark,7127,90,90
MO,Clay,228358,3322,1535
MO,Clinton,21002,268,264
MO,Cole,75018,1019,586
MO,Cooper,17298,217,195
MO,Crawford,23915,331,270
MO,Dade,7316,82,122
MO,Dallas,16637,226,167
MO,Daviess,8078,133,81
MO,DeKalb,12112,116,115
MO,Dent,15042,179,195
MO,Douglas,13608,175,144
MO,Dunklin,31039,458,435
MO,Franklin,101263,1379,969
MO,Gasconade,15096,178,189
MO,Gentry,6108,84,79
MO,Greene,269630,3674,2492
MO,Grundy,10047,125,154
MO,Harrison,8769,110,122
MO,Henry,22176,254,291
MO,Hickory,8903,74,136
MO,Holt,4868,64,65
MO,Howard,9857,116,108
MO,Howell,38921,559,488
MO,Iron,9943,125,167
MO,Jackson,705708,10256,5904
MO,Jasper,118179,1875,1116
MO,Jefferson,219046,2956,1729
MO,Johnson,52657,755,362
MO,Knox,3981,51,62
MO,Laclede,35432,512,377
MO,Lafayette,32572,420,371
MO,Lawrence,37648,541,423
MO,Lewis,9791,105,103
MO,Lincoln,53311,828,424
MO,Linn,12606,161,183
MO,Livingston,14235,175,192
MO,McDonald,23063,365,175
MO,Macon,15359,193,206
MO,Madison,12341,164,178
MO,Maries,8821,98,98
MO,Marion,28449,401,337
MO,Mercer,3475,43,39
MO,Miller,24778,325,280
MO,Mississippi,13266,180,161
MO,Moniteau,15132,212,133
MO,Monroe,8993,112,102
MO,Montgomery,11698,155,160
MO,Morgan,20527,264,268
MO,New Madrid,17480,239,216
MO,Newton,56121,749,554
MO,Nodaway,22130,262,184
MO,Oregon,10291,120,127
MO,Osage,13561,175,125
MO,Ozark,9315,110,130
MO,Pemiscot,18193,296,208
MO,Perry,18847,262,203
MO,Pettis,41421,630,405
MO,Phelps,42248,539,439
MO,Pike,18406,240,191
MO,Platte,90688,1123,536
MO,Polk,30626,414,321
MO,Pulaski,46457,714,271
MO,Putnam,4759,59,78
MO,Ralls,9634,115,93
MO,Randolph,25501,334,272
MO,Ray,23358,296,252
MO,Reynolds,6202,57,85
MO,Ripley,13395,174,184
MO,St. Charles,355367,4960,2214
MO,St. Clair,9276,106,136
MO,Ste. Genevieve,17542,202,180
MO,St. Francois,63884,816,723
MO,St. Louis,992408,11931,9267
MO,Saline,22821,308,231
MO,Schuyler,4144,44,48
MO,Scotland,4803,66,60
MO,Scott,40855,583,407
MO,Shannon,8361,102,88
MO,Shelby,6325,88,97
MO,Stoddard,29069,365,356
MO,Stone,31424,322,340
MO,Sullivan,6835,94,75
MO,Taney,48023,686,480
MO,Texas,24563,320,305
MO,Vernon,20166,278,242
MO,Warren,31485,464,265
MO,Washington,24400,327,278
MO,Wayne,12392,136,200
MO,Webster,36552,560,299
MO,Worth,2014,18,24
MO,Wright,17908,264,220
MO,St. Louis City,356587,5247,3399
MS,Adams,30722,416,409
MS,Alcorn,35822,455,452
MS,Amite,13038,162,157
MS,Attala,19755,305,270
MS,Benton,7981,122,84
MS,Bolivar,36766,605,407
MS,Calhoun,14422,201,166
MS,Carroll,10278,116,87
MS,Chickasaw,18683,278,182
MS,Choctaw,9023,110,81
MS,Claiborne,10755,147,102
MS,Clarke,17207,223,199
MS,Clay,20722,305,235
MS,Coahoma,26936,502,322
MS,Copiah,29094,457,292
MS,Covington,20544,315,238
MS,DeSoto,158719,2369,1053
MS,Forrest,81078,1233,745
MS,Franklin,8324,122,87
MS,George,22681,368,210
MS,Greene,14352,157,105
MS,Grenada,23046,331,290
MS,Hancock,40962,483,385
MS,Harrison,181191,2776,1658
MS,Hinds,247631,3867,1993
MS,Holmes,20290,377,234
MS,Humphreys,9809,181,116
MS,Issaquena,1612,13,4
MS,Itawamba,23000,296,277
MS,Jackson,132922,1824,1165
MS,Jasper,17940,257,177
MS,Jefferson,8928,122,79
MS,Jefferson Davis,12543,177,142
MS,Jones,67776,1107,711
MS,Kemper,9833,120,98
MS,Lafayette,43975,530,374
MS,Lamar,49980,823,356
MS,Lauderdale,79099,1209,947
MS,Lawrence,13308,193,137
MS,Leake,23132,381,253
MS,Lee,81913,1250,803
MS,Leflore,34563,600,366
MS,Lincoln,34830,515,395
MS,Lowndes,59658,868,574
MS,Madison,93097,1433,1096
MS,Marion,25732,413,340
MS,Marshall,36900,537,378
MS,Monroe,36905,511,400
MS,Montgomery,11129,155,149
MS,Neshoba,30302,529,302
MS,Newton,22568,357,251
MS,Noxubee,11631,189,122
MS,Oktibbeha,44544,619,299
MS,Panola,35245,561,360
MS,Pearl River,57860,804,604
MS,Perry,12035,167,105
MS,Pike,39834,652,508
MS,Pontotoc,29248,436,237
MS,Prentiss,25709,334,246
MS,Quitman,8391,123,109
MS,Rankin,143124,2094,952
MS,Scott,29341,529,283
MS,Sharkey,5420,88,38
MS,Simpson,27920,402,329
MS,Smith,15826,226,144
MS,Stone,16619,236,157
MS,Sunflower,29610,437,332
MS,Tallahatchie,12638,200,148
MS,Tate,27337,400,266
MS,Tippah,21661,324,244
MS,Tishomingo,19034,224,261
MS,Tunica,10436,212,125
MS,Union,27263,375,246
MS,Walthall,15291,222,193
MS,Warren,48175,733,479
MS,Washington,54616,893,604
MS,Wayne,20654,280,236
MS,Webster,9852,137,129
MS,Wilkinson,10143,143,148
MS,Winston,19309,279,255
MS,Yalobusha,13773,186,171
MS,Yazoo,27981,417,271
MT,Beaverhead,8976,94,82
MT,Big Horn,13015,272,108
MT,Blaine,6485,118,47
MT,Broadwater,4793,49,49
MT,Carbon,9756,84,101
MT,Carter,1202,6,7
MT,Cascade,82178,1158,765
MT,Chouteau,5167,46,52
MT,Custer,11189,141,131
MT,Daniels,1703,15,21
MT,Dawson,8558,94,118
MT,Deer Lodge,8792,82,126
MT,Fallon,2725,35,22
MT,Fergus,11208,108,160
MT,Flathead,89624,1208,755
MT,Gallatin,90343,1291,435
MT,Garfield,1173,16,7
MT,Glacier,13550,298,120
MT,Golden Valley,1057,7,2
MT,Granite,2879,21,18
MT,Hill,16632,298,118
MT,Jefferson,11470,104,94
MT,Judith Basin,2051,18,13
MT,Lake,28605,412,231
MT,Lewis and Clark,61942,777,541
MT,Liberty,1748,14,16
MT,Lincoln,18717,188,214
MT,McCone,1624,14,15
MT,Madison,7457,61,79
MT,Meagher,1908,19,21
MT,Mineral,3833,51,58
MT,Missoula,108623,1299,732
MT,Musselshell,4600,52,61
MT,Park,15941,178,143
MT,Petroleum,440,3,1
MT,Phillips,3944,40,54
MT,Pondera,5814,77,53
MT,Powder River,1664,8,10
MT,Powell,7089,51,81
MT,Prairie,1108,9,9
MT,Ravalli,40431,440,426
MT,Richland,9313,123,107
MT,Roosevelt,10303,216,119
MT,Rosebud,9258,180,76
MT,Sanders,11096,115,131
MT,Sheridan,3243,25,53
MT,Silver Bow,32949,398,401
MT,Stillwater,8786,108,89
MT,Sweet Grass,3667,37,24
MT,Teton,6088,65,62
MT,Toole,5151,44,45
MT,Treasure,612,6,2
MT,Valley,6771,76,95
MT,Wheatland,2044,22,13
MT,Wibaux,897,6,13
MT,Yellowstone,144797,1998,1269
NC,Alamance,150358,1995,1432
NC,Alexander,36777,405,315
NC,Alleghany,10964,102,153
NC,Anson,25056,310,309
NC,Ashe,25812,272,313
NC,Avery,17932,161,197
NC,Beaufort,46414,591,557
NC,Bertie,19345,266,247
NC,Bladen,32343,434,384
NC,Brunswick,107062,1217,1079
NC,Buncombe,231452,2745,2321
NC,Burke,89548,1033,910
NC,Cabarrus,172223,2762,1325
NC,Caldwell,79914,903,823
NC,Camden,9730,112,60
NC,Carteret,64423,649,730
NC,Caswell,23004,232,261
NC,Catawba,159125,2058,1443
NC,Chatham,64772,776,564
NC,Cherokee,26307,273,348
NC,Chowan,14784,176,212
NC,Clay,10333,96,139
NC,Cleveland,99274,1227,1057
NC,Columbus,54221,759,632
NC,Craven,98529,1663,965
NC,Cumberland,315207,5560,2184
NC,Currituck,24216,253,186
NC,Dare,34296,422,264
NC,Davidson,158582,1982,1479
NC,Davie,41420,475,370
NC,Duplin,53177,814,504
NC,Durham,269706,4373,1770
NC,Edgecombe,51853,760,573
NC,Forsyth,359638,4990,2945
NC,Franklin,60088,785,490
NC,Gaston,208958,2774,2031
NC,Gates,11768,132,114
NC,Graham,8001,102,101
NC,Granville,57639,690,521
NC,Greene,20658,241,191
NC,Guilford,480362,6391,3743
NC,Halifax,54582,705,655
NC,Harnett,115761,1638,801
NC,Haywood,57109,595,710
NC,Henderson,103669,1259,1314
NC,Hertford,23283,331,293
NC,Hoke,45148,848,257
NC,Hyde,5211,51,55
NC,Iredell,158153,2124,1371
NC,Jackson,36891,397,307
NC,Johnston,168525,2625,1150
NC,Jones,10071,91,120
NC,Lee,60477,1003,543
NC,Lenoir,56387,757,695
NC,Lincoln,76043,974,658
NC,McDowell,43988,515,424
NC,Macon,33233,385,432
NC,Madison,20442,210,235
NC,Martin,23337,330,342
NC,Mecklenburg,913639,14765,5153
NC,Mitchell,15634,169,207
NC,Montgomery,27745,393,239
NC,Moore,87158,1056,1032
NC,Nash,94743,1254,1002
NC,New Hanover,195085,2438,1576
NC,Northampton,20136,233,284
NC,Onslow,173064,3476,883
NC,Orange,129083,1426,772
NC,Pamlico,12422,121,158
NC,Pasquotank,41578,601,382
NC,Pender,52378,589,456
NC,Perquimans,12734,149,155
NC,Person,37667,471,401
NC,Pitt,159057,2326,1194
NC,Polk,19255,171,299
NC,Randolph,142151,1832,1264
NC,Richmond,45970,642,528
NC,Robeson,129559,2165,1230
NC,Rockingham,92252,1057,1050
NC,Rowan,140798,1793,1406
NC,Rutherford,63415,738,801
NC,Sampson,63713,914,610
NC,Scotland,36292,500,391
NC,Stanly,59794,723,632
NC,Stokes,46150,468,475
NC,Surry,72496,888,806
NC,Swain,13404,185,170
NC,Transylvania,30203,300,408
NC,Tyrrell,4078,46,45
NC,Union,198645,3095,1173
NC,Vance,43056,641,483
NC,Wake,897214,13851,4243
NC,Warren,19425,200,231
NC,Washington,12851,166,146
NC,Watauga,45479,412,309
NC,Wayne,113811,1764,1063
NC,Wilkes,66555,769,697
NC,Wilson,78353,1133,775
NC,Yadkin,37713,459,371
NC,Yancey,18548,185,202
ND,Adams,2236,20,34
ND,Barnes,10753,119,130
ND,Benson,6910,156,35
ND,Billings,827,8,2
ND,Bottineau,6352,67,85
ND,Bowman,3028,41,36
ND,Burke,1839,16,22
ND,Burleigh,79822,1071,615
ND,Cass,143339,2109,838
ND,Cavalier,3699,32,40
ND,Dickey,5217,72,68
ND,Divide,1961,12,23
ND,Dunn,3365,40,24
ND,Eddy,2288,22,36
ND,Emmons,3398,23,45
ND,Foster,3259,37,50
ND,Golden Valley,1621,17,7
ND,Grand Forks,66414,981,425
ND,Grant,2337,19,33
ND,Griggs,2346,17,30
ND,Hettinger,2343,20,36
ND,Kidder,2201,25,27
ND,LaMoure,3908,39,49
ND,Logan,1886,22,16
ND,McHenry,5173,59,55
ND,McIntosh,2582,24,60
ND,McKenzie,5799,85,47
ND,McLean,8310,97,111
ND,Mercer,7873,82,68
ND,Morton,26464,384,239
ND,Mountrail,6791,122,72
ND,Nelson,3129,23,63
ND,Oliver,1643,17,7
ND,Pembina,7392,75,84
ND,Pierce,3990,49,64
ND,Ramsey,11240,158,139
ND,Ransom,5500,69,82
ND,Renville,2227,20,19
ND,Richland,16067,204,140
ND,Rolette,13797,319,108
ND,Sargent,3951,47,35
ND,Sheridan,1228,6,11
ND,Sioux,4203,105,25
ND,Slope,649,8,0
ND,Stark,22847,309,214
ND,Steele,1747,17,6
ND,Stutsman,20463,222,216
ND,Towner,2209,18,37
ND,Traill,7868,89,106
ND,Walsh,10798,145,152
ND,Ward,57012,993,501
ND,Wells,4092,33,60
ND,Williams,20451,288,205
NE,Adams,33324,458,312
NE,Antelope,6652,80,64
NE,Arthur,339,4,1
NE,Banner,647,4,1
NE,Blaine,458,5,1
NE,Boone,5427,64,52
NE,Box Butte,10891,168,117
NE,Boyd,2063,19,14
NE,Brown,3062,23,36
NE,Buffalo,45814,704,344
NE,Burt,6922,71,108
NE,Butler,8400,90,96
NE,Cass,25485,325,199
NE,Cedar,8362,124,106
NE,Chase,3625,45,60
NE,Cherry,5474,61,64
NE,Cheyenne,9720,152,105
NE,Clay,6205,77,86
NE,Colfax,10332,241,86
NE,Cuming,9132,129,108
NE,Custer,10784,127,159
NE,Dakota,20651,349,140
NE,Dawes,8735,98,77
NE,Dawson,25076,435,196
NE,Deuel,1839,17,24
NE,Dixon,6289,86,71
NE,Dodge,35640,530,392
NE,Douglas,510199,8611,3674
NE,Dundy,1957,19,20
NE,Fillmore,5962,68,81
NE,Franklin,3089,32,45
NE,Frontier,2516,26,17
NE,Furnas,4556,43,72
NE,Gage,22653,274,270
NE,Garden,1739,14,20
NE,Garfield,1709,18,23
NE,Gosper,1844,16,27
NE,Grant,560,7,1
NE,Greeley,2251,34,24
NE,Hall,57487,1008,484
NE,Hamilton,9280,114,98
NE,Harlan,3234,32,33
NE,Hayes,959,8,3
NE,Hitchcock,2806,34,43
NE,Holt,10011,131,128
NE,Hooker,723,12,9
NE,Howard,6443,77,66
NE,Jefferson,7238,78,108
NE,Johnson,5077,52,66
NE,Kearney,6460,78,47
NE,Keith,7760,80,98
NE,Keya Paha,802,8,3
NE,Kimball,3576,41,48
NE,Knox,8378,108,111
NE,Lancaster,281531,4323,1765
NE,Lincoln,35670,526,344
NE,Logan,732,8,1
NE,Loup,661,4,2
NE,McPherson,488,6,1
NE,Madison,34505,536,361
NE,Merrick,7666,94,85
NE,Morrill,4911,66,45
NE,Nance,3460,43,52
NE,Nemaha,6856,96,94
NE,Nuckolls,4334,51,75
NE,Otoe,15214,200,196
NE,Pawnee,2614,28,39
NE,Perkins,2769,31,28
NE,Phelps,9032,117,94
NE,Pierce,7184,98,71
NE,Platte,32515,487,283
NE,Polk,5079,55,60
NE,Red Willow,10651,141,121
NE,Richardson,8125,94,142
NE,Rock,1509,18,19
NE,Saline,13872,196,146
NE,Sarpy,153504,2725,712
NE,Saunders,20057,258,182
NE,Scotts Bluff,36865,573,434
NE,Seward,16481,211,164
NE,Sheridan,5264,61,72
NE,Sherman,2881,39,34
NE,Sioux,1281,12,4
NE,Stanton,6311,80,48
NE,Thayer,5003,54,85
NE,Thomas,565,6,1
NE,Thurston,7306,159,60
NE,Valley,4108,43,65
NE,Washington,19718,229,165
NE,Wayne,9249,106,68
NE,Webster,3431,34,68
NE,Wheeler,763,6,3
NE,York,13837,182,138
NH,Belknap,61358,589,612
NH,Carroll,47860,409,538
NH,Cheshire,77045,759,679
NH,Coos,31487,292,405
NH,Grafton,86291,826,751
NH,Hillsborough,405906,4810,2829
NH,Merrimack,149071,1522,1242
NH,Rockingham,299276,2948,2059
NH,Strafford,123589,1396,917
NH,Sullivan,42692,485,417
NJ,Atlantic,271712,3606,2743
NJ,Bergen,895250,9358,7019
NJ,Burlington,446108,5165,3838
NJ,Camden,517879,7159,4734
NJ,Cape May,96091,951,1292
NJ,Cumberland,157745,2514,1492
NJ,Essex,769644,11243,6229
NJ,Gloucester,289920,3476,2495
NJ,Hudson,597924,8433,3993
NJ,Hunterdon,130034,1209,830
NJ,Mercer,366222,4602,2877
NJ,Middlesex,790738,10384,5567
NJ,Monmouth,644105,7163,5363
NJ,Morris,488518,5333,3519
NJ,Ocean,573678,7913,7180
NJ,Passaic,491778,7345,3719
NJ,Salem,66342,841,710
NJ,Somerset,326869,3864,2143
NJ,Sussex,151118,1572,1018
NJ,Union,526426,7125,4003
NJ,Warren,109638,1215,912
NM,Bernalillo,642527,9661,4856
NM,Catron,3443,25,26
NM,Chaves,63622,1010,622
NM,Cibola,27036,439,230
NM,Colfax,12737,139,144
NM,Curry,44407,791,363
NM,De Baca,1819,18,15
NM,Doña Ana,206419,3621,1410
NM,Eddy,52706,753,548
NM,Grant,29903,373,331
NM,Guadalupe,4241,40,35
NM,Harding,663,4,2
NM,Hidalgo,5057,68,39
NM,Lea,60232,1091,469
NM,Lincoln,21016,240,179
NM,Los Alamos,18074,159,92
NM,Luna,27044,442,292
NM,McKinley,70513,1415,494
NM,Mora,4935,44,22
NM,Otero,63201,840,538
NM,Quay,8917,114,118
NM,Rio Arriba,40678,712,335
NM,Roosevelt,18817,346,142
NM,Sandoval,125988,1738,781
NM,San Juan,124131,1951,860
NM,San Miguel,28323,356,271
NM,Santa Fe,147532,1672,991
NM,Sierra,12886,126,232
NM,Socorro,18092,261,156
NM,Taos,31507,371,270
NM,Torrance,16475,182,123
NM,Union,3817,56,40
NM,Valencia,72913,1048,536
NV,Churchill,24897,365,225
NV,Clark,1902834,29987,13421
NV,Douglas,45464,438,421
NV,Elko,47896,760,266
NV,Esmeralda,626,2,4
NV,Eureka,1707,23,2
NV,Humboldt,18260,290,124
NV,Lander,5159,79,38
NV,Lincoln,4794,58,52
NV,Lyon,52641,745,501
NV,Mineral,4662,40,64
NV,Nye,44234,474,648
NV,Pershing,6286,62,46
NV,Storey,4441,33,12
NV,Washoe,414820,5993,3242
NV,White Pine,9188,113,86
NV,Carson City,55176,738,644
NY,Albany,298284,3218,2654
NY,Allegany,49157,578,476
NY,Bronx,1397287,22765,9960
NY,Broome,194630,2172,1942
NY,Cattaraugus,79689,1005,807
NY,Cayuga,79526,857,736
NY,Chautauqua,133503,1563,1421
NY,Chemung,88331,1071,920
NY,Chenango,50620,569,527
NY,Clinton,81618,830,672
NY,Columbia,61618,618,667
NY,Cortland,47996,566,431
NY,Delaware,45514,479,538
NY,Dutchess,293562,3146,2279
NY,Erie,909247,10120,9463
NY,Essex,37686,395,393
NY,Franklin,50274,513,416
NY,Fulton,55053,594,580
NY,Genesee,57868,648,575
NY,Greene,48947,482,519
NY,Hamilton,4923,41,63
NY,Herkimer,62236,744,690
NY,Jefferson,118719,1886,864
NY,Kings,2567098,40300,17772
NY,Lewis,26157,349,236
NY,Livingston,62871,644,525
NY,Madison,69954,758,588
NY,Monroe,733703,8535,6235
NY,Montgomery,48616,629,594
NY,Nassau,1357429,13976,11144
NY,New York,1629054,20634,11043
NY,Niagara,214557,2427,2258
NY,Oneida,231044,2640,2394
NY,Onondaga,454753,5640,4012
NY,Ontario,105650,1200,937
NY,Orange,383532,5565,2544
NY,Orleans,42051,449,367
NY,Oswego,121377,1410,1024
NY,Otsego,61602,583,598
NY,Putnam,99265,978,585
NY,Queens,2306712,29869,15516
NY,Rensselaer,155541,1816,1435
NY,Richmond,491730,5972,3708
NY,Rockland,300173,4625,2112
NY,St. Lawrence,109715,1296,1039
NY,Saratoga,220069,2452,1592
NY,Schenectady,152169,1978,1494
NY,Schoharie,31529,316,293
NY,Schuyler,18720,176,187
NY,Seneca,34049,377,335
NY,Steuben,96552,1162,960
NY,Suffolk,1518475,18276,11953
NY,Sullivan,75828,956,674
NY,Tioga,50064,608,435
NY,Tompkins,101779,1002,588
NY,Ulster,181440,1861,1553
NY,Warren,66021,679,656
NY,Washington,62753,702,632
NY,Wayne,91291,1139,775
NY,Westchester,955962,11544,7109
NY,Wyoming,41398,442,370
NY,Yates,24482,307,251
OH,Adams,28043,371,298
OH,Allen,104357,1443,1058
OH,Ashland,55044,710,508
OH,Ashtabula,100767,1223,1054
OH,Athens,63026,617,470
OH,Auglaize,46699,630,462
OH,Belmont,68066,707,861
OH,Brown,44003,559,432
OH,Butler,363184,5112,2901
OH,Carroll,28539,301,269
OH,Champaign,39713,520,378
OH,Clark,139671,1732,1606
OH,Clermont,196364,2829,1519
OH,Clinton,43058,595,390
OH,Columbiana,107722,1180,1208
OH,Coshocton,35767,451,397
OH,Crawford,43403,532,509
OH,Cuyahoga,1275709,15429,13601
OH,Darke,51814,670,552
OH,Defiance,38432,516,344
OH,Delaware,168708,2755,824
OH,Erie,76963,905,853
OH,Fairfield,143712,1814,1090
OH,Fayette,28117,381,343
OH,Franklin,1150122,17459,8640
OH,Fulton,42402,539,347
OH,Gallia,30694,385,336
OH,Geauga,99060,1157,744
OH,Greene,159823,1932,1301
OH,Guernsey,40054,484,434
OH,Hamilton,855062,11551,8171
OH,Hancock,74538,949,632
OH,Hardin,31818,395,316
OH,Harrison,15268,157,205
OH,Henry,28648,369,275
OH,Highland,42178,578,433
OH,Hocking,28912,358,294
OH,Holmes,41854,824,283
OH,Huron,59849,855,547
OH,Jackson,33440,447,379
OH,Jefferson,67691,698,949
OH,Knox,59637,766,616
OH,Lake,236775,2655,2237
OH,Lawrence,62744,735,743
OH,Licking,158488,2143,1387
OH,Logan,46582,621,463
OH,Lorain,305707,3813,2746
OH,Lucas,463493,6132,4159
OH,Madison,42539,490,360
OH,Mahoning,236735,2552,2917
OH,Marion,65655,769,645
OH,Medina,174035,2201,1239
OH,Meigs,22838,269,247
OH,Mercer,40666,604,382
OH,Miami,101256,1261,942
OH,Monroe,14058,146,179
OH,Montgomery,532562,6819,5473
OH,Morgan,14288,168,167
OH,Morrow,34642,435,279
OH,Muskingum,84884,1060,883
OH,Noble,14311,150,125
OH,Ottawa,40945,432,442
OH,Paulding,18994,257,166
OH,Perry,35359,465,355
OH,Pickaway,54734,676,499
OH,Pike,27722,363,322
OH,Portage,157530,1710,1230
OH,Preble,41422,514,417
OH,Putnam,34377,527,302
OH,Richland,124490,1521,1253
OH,Ross,75972,897,794
OH,Sandusky,60071,777,605
OH,Scioto,76334,979,899
OH,Seneca,56152,745,533
OH,Shelby,48990,726,396
OH,Stark,379466,4557,3938
OH,Summit,542405,6542,5410
OH,Trumbull,210157,2315,2380
OH,Tuscarawas,91137,1186,951
OH,Union,48903,766,315
OH,Van Wert,28496,385,317
OH,Vinton,13228,160,141
OH,Warren,210712,2984,1385
OH,Washington,61048,672,703
OH,Wayne,114222,1653,1002
OH,Williams,37816,454,353
OH,Wood,125380,1454,943
OH,Wyandot,22394,305,236
OK,Adair,21857,345,239
OK,Alfalfa,5481,59,59
OK,Atoka,14498,171,130
OK,Beaver,5270,72,47
OK,Beckham,21116,365,234
OK,Blaine,12609,156,130
OK,Bryan,40783,570,380
OK,Caddo,30393,425,331
OK,Canadian,109668,1571,729
OK,Carter,48326,710,537
OK,Cherokee,46029,664,430
OK,Choctaw,14872,198,175
OK,Cimarron,2630,29,19
OK,Cleveland,244589,3073,1511
OK,Coal,5856,78,76
OK,Comanche,113228,1877,924
OK,Cotton,6281,73,64
OK,Craig,15158,192,181
OK,Creek,70244,936,754
OK,Custer,26717,430,252
OK,Delaware,40555,462,506
OK,Dewey,4404,59,62
OK,Ellis,3925,53,51
OK,Garfield,58928,963,655
OK,Garvin,27113,352,337
OK,Grady,51649,687,465
OK,Grant,4317,42,62
OK,Greer,5830,69,76
OK,Harmon,2843,42,26
OK,Harper,3377,67,54
OK,Haskell,12393,162,151
OK,Hughes,13819,164,175
OK,Jackson,25369,409,219
OK,Jefferson,6319,85,92
OK,Johnston,10468,154,114
OK,Kay,46110,695,545
OK,Kingfisher,14384,209,155
OK,Kiowa,9101,109,135
OK,Latimer,10621,128,109
OK,Le Flore,49915,673,555
OK,Lincoln,32199,410,324
OK,Logan,39301,530,314
OK,Love,9124,109,90
OK,McClain,33168,489,275
OK,McCurtain,33370,462,328
OK,McIntosh,19801,233,259
OK,Major,7189,89,100
OK,Marshall,15014,214,165
OK,Mayes,40065,562,431
OK,Murray,12960,175,171
OK,Muskogee,71412,1033,860
OK,Noble,10950,153,105
OK,Nowata,10528,125,99
OK,Okfuskee,10924,150,121
OK,Oklahoma,716704,12103,6525
OK,Okmulgee,39292,549,450
OK,Osage,45051,504,398
OK,Ottawa,31629,424,395
OK,Pawnee,16419,202,192
OK,Payne,79727,961,533
OK,Pittsburg,45211,608,550
OK,Pontotoc,37422,567,387
OK,Pottawatomie,70274,960,708
OK,Pushmataha,11812,147,140
OK,Roger Mills,3407,55,21
OK,Rogers,85654,1043,708
OK,Seminole,24296,382,278
OK,Sequoyah,41433,472,435
OK,Stephens,43487,599,548
OK,Texas,21135,388,92
OK,Tillman,7796,103,83
OK,Tulsa,601961,9654,5560
OK,Wagoner,70394,953,440
OK,Washington,50706,714,549
OK,Washita,11813,152,130
OK,Woods,8418,98,112
OK,Woodward,19959,312,193
OR,Baker,16082,173,191
OR,Benton,82605,805,500
OR,Clackamas,386143,4286,2922
OR,Clatsop,37243,429,389
OR,Columbia,49592,522,372
OR,Coos,62795,661,862
OR,Crook,22566,243,216
OR,Curry,21148,132,331
OR,Deschutes,158629,2071,1193
OR,Douglas,103205,1136,1297
OR,Gilliam,1645,16,16
OR,Grant,6795,67,84
OR,Harney,6756,71,77
OR,Hood River,21883,303,174
OR,Jackson,201286,2395,2023
OR,Jefferson,19959,348,168
OR,Josephine,81026,899,1089
OR,Klamath,66247,845,694
OR,Lake,7089,77,87
OR,Lane,351109,3893,3063
OR,Lincoln,46293,479,555
OR,Linn,116584,1542,1121
OR,Malheur,30745,457,247
OR,Marion,317981,4994,2632
OR,Morrow,11533,156,69
OR,Multnomah,726855,10046,5475
OR,Polk,78122,981,642
OR,Sherman,1711,20,20
OR,Tillamook,24889,273,286
OR,Umatilla,73347,933,563
OR,Union,25038,333,229
OR,Wallowa,6889,75,85
OR,Wasco,24149,299,286
OR,Washington,537318,7775,2892
OR,Wheeler,1363,7,9
OR,Yamhill,99037,1314,755
PA,Adams,102323,1140,968
PA,Allegheny,1218494,12704,14093
PA,Armstrong,67851,687,841
PA,Beaver,171673,1747,2069
PA,Bedford,49579,524,519
PA,Berks,407125,5255,3627
PA,Blair,126122,1458,1601
PA,Bradford,61131,738,671
PA,Bucks,626015,6791,5443
PA,Butler,184694,2071,1822
PA,Cambria,143998,1486,1790
PA,Cameron,5163,50,70
PA,Carbon,63865,672,762
PA,Centre,146212,1364,955
PA,Chester,498894,6443,3576
PA,Clarion,39479,395,448
PA,Clearfield,82324,785,924
PA,Clinton,36797,434,408
PA,Columbia,65111,656,700
PA,Crawford,88521,1030,946
PA,Cumberland,232483,2457,2136
PA,Dauphin,258934,3328,2383
PA,Delaware,558028,6667,5462
PA,Elk,32011,293,376
PA,Erie,280291,3307,2652
PA,Fayette,142605,1451,1711
PA,Forest,6775,41,78
PA,Franklin,144994,1859,1415
PA,Fulton,14852,161,142
PA,Greene,39245,418,435
PA,Huntingdon,45395,427,433
PA,Indiana,87450,877,891
PA,Jefferson,44634,496,545
PA,Juniata,23118,288,225
PA,Lackawanna,208801,2307,2636
PA,Lancaster,507766,7120,4576
PA,Lawrence,90160,987,1147
PA,Lebanon,130506,1609,1378
PA,Lehigh,343519,4299,3221
PA,Luzerne,312845,3268,4014
PA,Lycoming,116840,1380,1241
PA,McKean,43196,468,501
PA,Mercer,116071,1245,1411
PA,Mifflin,45937,593,534
PA,Monroe,166355,1674,1259
PA,Montgomery,782339,9052,6964
PA,Montour,17715,202,237
PA,Northampton,298990,3393,2714
PA,Northumberland,91311,979,1147
PA,Perry,45502,556,399
PA,Philadelphia,1547297,21735,14870
PA,Pike,60529,456,463
PA,Potter,16714,192,212
PA,Schuylkill,146952,1510,1928
PA,Snyder,38519,478,342
PA,Somerset,76953,727,958
PA,Sullivan,6140,50,106
PA,Susquehanna,40646,439,454
PA,Tioga,40875,421,432
PA,Union,43560,445,386
PA,Venango,54183,590,658
PA,Warren,40638,401,491
PA,Washington,207389,2129,2373
PA,Wayne,51337,498,666
PA,Westmoreland,362251,3381,4377
PA,Wyoming,27808,309,287
PA,York,428937,5355,3537
RI,Bristol,49542,456,511
RI,Kent,168752,1734,1688
RI,Newport,80300,804,744
RI,Providence,627690,8165,5598
RI,Washington,126925,1204,976
SC,Abbeville,25098,279,253
SC,Aiken,156017,1913,1625
SC,Allendale,10195,146,130
SC,Anderson,184901,2343,1944
SC,Bamberg,15005,181,185
SC,Barnwell,22688,316,276
SC,Beaufort,155215,2405,1379
SC,Berkeley,173498,2669,1146
SC,Calhoun,14621,155,173
SC,Charleston,355276,4870,2959
SC,Cherokee,54714,671,593
SC,Chester,32410,398,365
SC,Chesterfield,43037,520,459
SC,Clarendon,32988,419,377
SC,Colleton,39246,506,409
SC,Darlington,66445,836,764
SC,Dillon,30912,460,352
SC,Dorchester,130417,1845,916
SC,Edgefield,25752,265,241
SC,Fairfield,23343,296,282
SC,Florence,134208,1925,1401
SC,Georgetown,60703,756,623
SC,Greenville,451428,6268,3665
SC,Greenwood,69671,864,719
SC,Hampton,21014,293,216
SC,Horry,263868,3293,2649
SC,Jasper,23221,346,207
SC,Kershaw,60042,793,582
SC,Lancaster,77767,1006,700
SC,Laurens,70045,777,740
SC,Lee,19722,240,233
SC,Lexington,255607,3425,2045
SC,McCormick,10140,75,148
SC,Marion,33468,454,381
SC,Marlboro,28783,314,339
SC,Newberry,38763,511,430
SC,Oconee,71514,830,761
SC,Orangeburg,90112,1280,981
SC,Pickens,118144,1326,1008
SC,Richland,372023,4807,2780
SC,Saluda,19094,245,212
SC,Spartanburg,286822,3710,2772
SC,Sumter,104495,1589,1005
SC,Union,27362,299,366
SC,Williamsburg,34445,439,412
SC,York,227003,3115,1824
SD,Aurora,2868,37,33
SD,Beadle,16266,206,189
SD,Bennett,3348,69,12
SD,Bon Homme,6995,63,68
SD,Brookings,30056,353,170
SD,Brown,35204,446,340
SD,Brule,5275,75,49
SD,Buffalo,2067,61,1
SD,Butte,9577,153,103
SD,Campbell,1344,4,6
SD,Charles Mix,8984,154,100
SD,Clark,3431,39,48
SD,Clay,13490,165,81
SD,Codington,26168,377,240
SD,Corson,4093,90,16
SD,Custer,7924,82,90
SD,Davison,18929,304,184
SD,Day,5509,72,82
SD,Deuel,4203,68,36
SD,Dewey,5969,150,21
SD,Douglas,2933,29,40
SD,Edmunds,3935,51,33
SD,Fall River,7241,76,111
SD,Faulk,2210,27,21
SD,Grant,7068,70,94
SD,Gregory,4003,50,62
SD,Haakon,1777,18,17
SD,Hamlin,5754,109,63
SD,Hand,3238,41,50
SD,Hanson,3553,53,9
SD,Harding,1123,15,4
SD,Hughes,16969,205,152
SD,Hutchinson,7124,80,113
SD,Hyde,1393,14,15
SD,Jackson,2658,51,7
SD,Jerauld,1953,22,16
SD,Jones,1037,18,1
SD,Kingsbury,5308,61,91
SD,Lake,11994,171,115
SD,Lawrence,23498,287,213
SD,Lincoln,41218,812,197
SD,Lyman,3891,70,17
SD,McCook,5619,81,64
SD,McPherson,2439,18,34
SD,Marshall,4160,57,43
SD,Meade,23916,321,186
SD,Mellette,2042,32,5
SD,Miner,2420,35,33
SD,Minnehaha,183048,2802,1340
SD,Moody,6375,98,52
SD,Pennington,100850,1649,799
SD,Perkins,2869,31,33
SD,Potter,2053,18,36
SD,Roberts,9933,170,102
SD,Sanborn,2432,27,24
SD,Shannon,13727,390,127
SD,Spink,6554,92,73
SD,Stanley,2792,34,9
SD,Sully,1348,26,3
SD,Todd,10095,277,61
SD,Tripp,5541,69,76
SD,Turner,8237,88,106
SD,Union,14589,182,98
SD,Walworth,5228,67,82
SD,Yankton,21986,269,216
SD,Ziebach,2552,43,1
TN,Anderson,74849,898,846
TN,Bedford,45947,699,429
TN,Benton,16025,169,219
TN,Bledsoe,12967,125,123
TN,Blount,122784,1417,1251
TN,Bradley,97710,1228,893
TN,Campbell,40970,471,502
TN,Cannon,13860,160,150
TN,Carroll,28517,358,421
TN,Carter,59043,620,642
TN,Cheatham,39876,513,313
TN,Chester,16312,187,149
TN,Claiborne,31243,366,401
TN,Clay,7895,96,94
TN,Cocke,36047,424,431
TN,Coffee,52521,721,597
TN,Crockett,14492,196,183
TN,Cumberland,54109,573,711
TN,Davidson,635710,9847,5161
TN,Decatur,11525,124,171
TN,DeKalb,18954,253,220
TN,Dickson,48230,701,454
TN,Dyer,37811,508,411
TN,Fayette,38785,514,368
TN,Fentress,17677,209,246
TN,Franklin,41310,454,427
TN,Gibson,49468,634,677
TN,Giles,29082,339,345
TN,Grainger,22857,267,254
TN,Greene,66282,722,814
TN,Grundy,14130,170,200
TN,Hamblen,63033,890,684
TN,Hamilton,337175,4336,3345
TN,Hancock,6588,78,86
TN,Hardeman,27613,321,298
TN,Hardin,26258,288,352
TN,Hawkins,57784,645,622
TN,Haywood,18881,238,224
TN,Henderson,27037,370,304
TN,Henry,31876,368,453
TN,Hickman,23805,267,244
TN,Houston,8154,103,112
TN,Humphreys,18274,198,226
TN,Jackson,10875,101,144
TN,Jefferson,51722,596,534
TN,Johnson,18006,168,202
TN,Knox,435725,5524,3882
TN,Lake,7303,70,89
TN,Lauderdale,26471,369,282
TN,Lawrence,41314,557,461
TN,Lewis,11521,164,130
TN,Lincoln,33374,441,365
TN,Loudon,46725,560,555
TN,McMinn,52739,620,596
TN,McNairy,25796,328,324
TN,Macon,22057,287,268
TN,Madison,97317,1376,929
TN,Marion,28068,338,328
TN,Marshall,30279,412,292
TN,Maury,84302,1195,784
TN,Meigs,12108,137,129
TN,Monroe,45830,568,480
TN,Montgomery,160978,2715,981
TN,Moore,6096,54,54
TN,Morgan,18738,218,198
TN,Obion,31431,380,407
TN,Overton,21060,255,290
TN,Perry,7826,99,103
TN,Pickett,4783,49,68
TN,Polk,15648,187,187
TN,Putnam,72431,959,714
TN,Rhea,31516,414,358
TN,Roane,53508,540,628
TN,Robertson,66581,1094,604
TN,Rutherford,257048,4080,1464
TN,Scott,21866,295,243
TN,Sequatchie,13915,169,140
TN,Sevier,86243,1109,815
TN,Shelby,920232,14737,7589
TN,Smith,19201,253,215
TN,Stewart,13340,146,147
TN,Sullivan,154552,1663,1821
TN,Sumner,158759,2165,1285
TN,Tipton,59495,832,542
TN,Trousdale,7922,92,89
TN,Unicoi,17740,178,253
TN,Union,19164,239,180
TN,Van Buren,5480,63,62
TN,Warren,40481,534,446
TN,Washington,120598,1426,1226
TN,Wayne,16506,164,177
TN,Weakley,33459,360,370
TN,White,25444,331,321
TN,Williamson,176838,2311,970
TN,Wilson,112377,1515,866
TX,Anderson,57001,656,636
TX,Andrews,14057,256,113
TX,Angelina,83675,1329,811
TX,Aransas,24826,280,297
TX,Archer,8912,126,83
TX,Armstrong,2065,28,14
TX,Atascosa,44633,694,371
TX,Austin,27248,372,258
TX,Bailey,6273,130,44
TX,Bandera,20560,203,187
TX,Bastrop,74876,949,550
TX,Baylor,3677,54,55
TX,Bee,32487,371,231
TX,Bell,285787,5697,1848
TX,Bexar,1651448,27664,10975
TX,Blanco,9198,117,96
TX,Borden,595,2,1
TX,Bosque,17631,220,237
TX,Bowie,93964,1184,937
TX,Brazoria,309208,4974,2002
TX,Brazos,179992,2684,891
TX,Brewster,9481,122,71
TX,Briscoe,1428,14,18
TX,Brooks,7377,145,61
TX,Brown,38088,481,469
TX,Burleson,16570,226,154
TX,Burnet,45149,542,481
TX,Caldwell,37810,524,262
TX,Calhoun,20573,311,180
TX,Callahan,13426,163,140
TX,Cameron,396371,8939,2293
TX,Camp,12793,227,138
TX,Carson,6110,77,67
TX,Cass,29203,341,395
TX,Castro,7130,124,55
TX,Chambers,31431,390,198
TX,Cherokee,48473,747,511
TX,Childress,7548,84,73
TX,Clay,10893,103,106
TX,Cochran,2927,55,13
TX,Coke,3311,29,47
TX,Coleman,8480,108,145
TX,Collin,791631,12079,3152
TX,Collingsworth,3058,55,29
TX,Colorado,20650,287,213
TX,Comal,114525,1616,885
TX,Comanche,13559,196,169
TX,Concho,3579,36,26
TX,Cooke,38650,553,389
TX,Coryell,72529,848,333
TX,Cottle,1566,23,8
TX,Crane,4165,71,17
TX,Crockett,3740,63,13
TX,Crosby,6109,110,57
TX,Culberson,2300,29,3
TX,Dallam,6293,114,42
TX,Dallas,2451730,41988,14164
TX,Dawson,13657,204,127
TX,Deaf Smith,18353,371,145
TX,Delta,5410,62,63
TX,Denton,658616,10336,2580
TX,DeWitt,19713,230,231
TX,Dickens,2439,20,9
TX,Dimmit,9772,173,63
TX,Donley,3664,36,39
TX,Duval,12010,207,114
TX,Eastland,18167,244,247
TX,Ector,134625,2508,1098
TX,Edwards,1863,33,1
TX,Ellis,151737,2456,1001
TX,El Paso,751296,15045,4625
TX,Erath,36184,523,293
TX,Falls,16782,211,166
TX,Fannin,32999,414,392
TX,Fayette,22891,269,295
TX,Fisher,3866,39,44
TX,Floyd,6474,92,58
TX,Foard,1334,12,10
TX,Fort Bend,556870,7967,2184
TX,Franklin,10841,135,115
TX,Freestone,19390,255,200
TX,Frio,16156,256,103
TX,Gaines,15382,328,84
TX,Galveston,286814,4334,2456
TX,Garza,4659,52,37
TX,Gillespie,24180,286,324
TX,Glasscock,1221,14,1
TX,Goliad,7033,81,55
TX,Gonzales,19610,381,185
TX,Gray,22074,365,248
TX,Grayson,120030,1665,1237
TX,Gregg,119637,1873,1185
TX,Grimes,26011,356,245
TX,Guadalupe,121432,1731,849
TX,Hale,35408,617,278
TX,Hall,3327,43,31
TX,Hamilton,8043,97,126
TX,Hansford,5406,137,52
TX,Hardeman,3874,52,35
TX,Hardin,53424,704,509
TX,Harris,4070989,69696,22069
TX,Harrison,64795,907,576
TX,Hartley,4968,80,41
TX,Haskell,5002,58,74
TX,Hays,155545,2286,760
TX,Hemphill,3463,58,14
TX,Henderson,78921,957,927
TX,Hidalgo,741152,17829,3561
TX,Hill,35840,493,399
TX,Hockley,22272,361,192
TX,Hood,51462,633,561
TX,Hopkins,34581,476,336
TX,Houston,22363,260,301
TX,Howard,32940,489,341
TX,Hudspeth,3115,45,3
TX,Hunt,82831,1119,796
TX,Hutchinson,21538,293,223
TX,Irion,1741,11,3
TX,Jack,8497,85,87
TX,Jackson,14274,216,146
TX,Jasper,34370,455,403
TX,Jeff Davis,2258,18,5
TX,Jefferson,243237,3342,2480
TX,Jim Hogg,4997,101,46
TX,Jim Wells,41001,670,369
TX,Johnson,156997,2221,1167
TX,Jones,18961,186,175
TX,Karnes,15029,184,147
TX,Kaufman,103038,1695,799
TX,Kendall,34053,485,310
TX,Kenedy,369,4,0
TX,Kent,703,8,5
TX,Kerr,48381,611,675
TX,Kimble,4539,46,54
TX,King,286,2,0
TX,Kinney,3274,35,20
TX,Kleberg,30647,527,189
TX,Knox,3322,42,48
TX,Lamar,48965,645,574
TX,Lamb,13162,225,158
TX,Lampasas,20915,249,196
TX,La Salle,5810,94,35
TX,Lavaca,18539,254,241
TX,Lee,16231,201,148
TX,Leon,16923,234,196
TX,Liberty,75779,1066,701
TX,Limestone,22287,291,264
TX,Lipscomb,3094,49,23
TX,Live Oak,11046,120,91
TX,Llano,18274,168,273
TX,Loving,45,0,0
TX,Lubbock,270550,4252,2162
TX,Lynn,5674,89,41
TX,McCulloch,7980,107,94
TX,McLennan,233378,3538,2006
TX,McMullen,810,6,2
TX,Madison,13333,161,110
TX,Marion,10306,98,136
TX,Martin,4581,86,31
TX,Mason,3965,38,44
TX,Matagorda,36978,557,340
TX,Maverick,53203,1109,314
TX,Medina,44728,633,387
TX,Menard,2127,23,28
TX,Midland,132316,2256,1002
TX,Milam,24628,367,248
TX,Mills,4994,56,64
TX,Mitchell,9347,100,92
TX,Montague,19568,274,296
TX,Montgomery,447718,6770,2847
TX,Moore,20736,441,113
TX,Morris,12635,167,174
TX,Motley,1282,16,9
TX,Nacogdoches,64117,1032,554
TX,Navarro,49440,699,494
TX,Newton,13667,135,142
TX,Nolan,14917,243,165
TX,Nueces,323046,5092,2525
TX,Ochiltree,9791,207,73
TX,Oldham,2118,23,5
TX,Orange,81816,1064,912
TX,Palo Pinto,27567,392,308
TX,Panola,23310,323,228
TX,Parker,114919,1448,875
TX,Parmer,9290,168,67
TX,Pecos,16248,268,134
TX,Polk,46530,507,610
TX,Potter,121816,2245,1239
TX,Presidio,7470,141,31
TX,Rains,11287,110,116
TX,Randall,116483,1573,790
TX,Reagan,3014,67,14
TX,Real,2925,31,30
TX,Red River,12765,148,182
TX,Reeves,11046,164,105
TX,Refugio,7225,89,68
TX,Roberts,878,13,1
TX,Robertson,15706,230,173
TX,Rockwall,81391,1362,400
TX,Runnels,10170,143,152
TX,Rusk,49180,682,509
TX,Sabine,10208,100,148
TX,San Augustine,8574,98,122
TX,San Jacinto,24902,263,238
TX,San Patricio,68223,1142,541
TX,San Saba,5871,72,69
TX,Schleicher,2731,42,18
TX,Scurry,16222,247,158
TX,Shackelford,3047,30,35
TX,Shelby,26812,412,286
TX,Sherman,2913,41,11
TX,Smith,204665,3189,1845
TX,Somervell,8031,108,88
TX,Starr,62671,1553,358
TX,Stephens,9632,156,112
TX,Sterling,1259,14,10
TX,Stonewall,1354,34,16
TX,Sutton,4273,68,12
TX,Swisher,7424,133,62
TX,Tarrant,1789900,30110,10681
TX,Taylor,127683,2064,1200
TX,Terrell,969,10,5
TX,Terry,12142,187,109
TX,Throckmorton,1593,11,8
TX,Titus,30206,553,234
TX,Tom Green,108378,1710,1031
TX,Travis,1026158,16280,4575
TX,Trinity,13897,163,183
TX,Tyler,20556,242,222
TX,Upshur,38057,506,390
TX,Upton,3130,58,6
TX,Uvalde,26811,470,238
TX,Val Verde,48165,939,354
TX,Van Zandt,52005,641,593
TX,Victoria,87790,1380,755
TX,Walker,64119,641,454
TX,Waller,36530,572,260
TX,Ward,10528,204,100
TX,Washington,32893,446,360
TX,Webb,241438,6206,1200
TX,Wharton,41000,673,401
TX,Wheeler,4888,75,60
TX,Wichita,127616,1921,1269
TX,Wilbarger,13541,215,143
TX,Willacy,20395,399,117
TX,Williamson,410686,6711,1932
TX,Wilson,40749,569,347
TX,Winkler,6772,121,46
TX,Wise,59415,745,464
TX,Wood,43136,502,618
TX,Yoakum,7698,145,51
TX,Young,17792,232,241
TX,Zapata,14036,310,93
TX,Zavala,11585,235,91
UT,Beaver,6267,132,54
UT,Box Elder,49902,997,313
UT,Cache,115269,2720,454
UT,Carbon,19989,323,210
UT,Daggett,941,11,1
UT,Davis,300827,6473,1404
UT,Duchesne,17948,428,126
UT,Emery,10629,191,93
UT,Garfield,4625,77,39
UT,Grand,9660,122,75
UT,Iron,45280,1026,275
UT,Juab,10244,225,75
UT,Kane,6601,104,58
UT,Millard,12276,225,102
UT,Morgan,8908,172,41
UT,Piute,1431,25,5
UT,Rich,2160,43,11
UT,Salt Lake,1034989,19391,5557
UT,San Juan,15049,273,60
UT,Sanpete,25946,471,189
UT,Sevier,19976,380,172
UT,Summit,36969,532,119
UT,Tooele,58335,1178,281
UT,Uintah,31536,662,194
UT,Utah,545307,13185,2032
UT,Wasatch,21600,445,123
UT,Washington,137473,2846,1004
UT,Wayne,2601,47,9
UT,Weber,231834,4422,1492
VA,Accomack,38462,492,420
VA,Albemarle,94908,1139,652
VA,Alleghany,16242,181,230
VA,Amelia,12886,157,123
VA,Amherst,32482,358,345
VA,Appomattox,14552,174,129
VA,Arlington,217483,2800,936
VA,Augusta,72020,781,617
VA,Bath,4482,28,62
VA,Bedford,67154,671,533
VA,Bland,6791,61,69
VA,Botetourt,32551,287,281
VA,Brunswick,17514,192,215
VA,Buchanan,22860,234,287
VA,Buckingham,16080,172,177
VA,Campbell,52976,605,497
VA,Caroline,27870,402,255
VA,Carroll,29034,288,347
VA,Charles City,7217,75,71
VA,Charlotte,12039,159,162
VA,Chesterfield,306670,4022,1743
VA,Clarke,14588,142,135
VA,Craig,4969,41,56
VA,Culpeper,46502,668,370
VA,Cumberland,9757,107,74
VA,Dickenson,16087,170,198
VA,Dinwiddie,26338,295,242
VA,Essex,11189,148,141
VA,Fairfax,1037605,14465,4388
VA,Fauquier,68010,854,479
VA,Floyd,15013,168,154
VA,Fluvanna,25732,339,200
VA,Franklin,51924,595,502
VA,Frederick,74972,1037,490
VA,Giles,17358,174,206
VA,Gloucester,39184,425,336
VA,Goochland,21311,218,179
VA,Grayson,15793,153,223
VA,Greene,18421,263,136
VA,Greensville,12049,158,110
VA,Halifax,35258,407,487
VA,Hanover,99933,1091,761
VA,Henrico,296415,4055,2471
VA,Henry,54888,630,671
VA,Highland,2338,15,22
VA,Isle of Wight,35877,405,320
VA,James City,63735,633,539
VA,King and Queen,6796,74,79
VA,King George,23557,394,132
VA,King William,16225,218,107
VA,Lancaster,11230,102,212
VA,Lee,25166,252,285
VA,Loudoun,301171,5466,973
VA,Louisa,33078,414,311
VA,Lunenburg,12799,136,164
VA,Madison,13702,149,121
VA,Mathews,8984,71,107
VA,Mecklenburg,31969,340,440
VA,Middlesex,10731,89,145
VA,Montgomery,91023,917,518
VA,Nelson,15487,169,183
VA,New Kent,18112,191,118
VA,Northampton,13492,176,182
VA,Northumberland,12995,113,168
VA,Nottoway,15929,189,193
VA,Orange,33600,433,325
VA,Page,24070,269,271
VA,Patrick,18636,175,224
VA,Pittsylvania,61414,673,640
VA,Powhatan,27964,288,165
VA,Prince Edward,22370,224,241
VA,Prince George,37116,378,173
VA,Prince William,379166,6453,1471
VA,Pulaski,35022,355,418
VA,Rappahannock,7035,73,72
VA,Richmond,8961,85,114
VA,Roanoke,91011,1118,888
VA,Rockbridge,21294,254,234
VA,Rockingham,75134,926,634
VA,Russell,29250,317,372
VA,Scott,22585,227,306
VA,Shenandoah,41036,521,470
VA,Smyth,31738,345,409
VA,Southampton,18483,199,211
VA,Spotsylvania,120977,1711,700
VA,Stafford,124166,1705,546
VA,Surry,7088,71,61
VA,Sussex,12116,126,155
VA,Tazewell,44907,478,591
VA,Warren,36713,521,347
VA,Washington,53018,546,618
VA,Westmoreland,17686,205,237
VA,Wise,41773,492,475
VA,Wythe,28868,317,361
VA,York,61140,592,374
VA,Alexandria City,150006,2435,746
VA,Bedford City,6350,63,103
VA,Bristol City,17690,200,253
VA,Buena Vista City,6222,59,83
VA,Charlottesville City,42218,560,325
VA,Chesapeake City,222455,3027,1563
VA,Colonial Heights City,17823,230,215
VA,Covington City,6149,51,78
VA,Danville City,44400,592,733
VA,Emporia City,5635,61,88
VA,Fairfax City,24665,376,199
VA,Falls Church City,11957,141,73
VA,Franklin City,8814,155,133
VA,Fredericksburg City,23193,408,223
VA,Galax City,6880,88,98
VA,Hampton City,144236,1972,1141
VA,Harrisonburg City,45137,558,250
VA,Hopewell City,23123,369,266
VA,Lexington City,6901,28,54
VA,Lynchburg City,73933,1039,782
VA,Manassas City,36514,572,183
VA,Manassas Park City,12042,219,18
VA,Martinsville City,14635,182,267
VA,Newport News City,193172,3195,1357
VA,Norfolk City,233333,4043,1884
VA,Norton City,3713,41,43
VA,Petersburg City,32986,580,464
VA,Poquoson City,11794,95,108
VA,Portsmouth City,99321,1577,995
VA,Radford City,16184,142,124
VA,Richmond City,204451,3232,2188
VA,Roanoke City,94482,1325,1255
VA,Salem City,25462,259,288
VA,Staunton City,23886,291,290
VA,Suffolk City,83659,1190,724
VA,Virginia Beach City,433575,6278,2720
VA,Waynesboro City,22241,313,232
VA,Williamsburg City,12729,198,103
VA,Winchester City,26322,424,274
VT,Addison,36760,361,274
VT,Bennington,36411,380,403
VT,Caledonia,30252,349,280
VT,Chittenden,152313,1599,943
VT,Essex,6394,48,75
VT,Franklin,48182,595,377
VT,Grand Isle,7560,70,44
VT,Lamoille,25958,282,216
VT,Orange,28896,308,250
VT,Orleans,27301,259,282
VT,Rutland,63014,586,626
VT,Washington,58696,591,486
VT,Windham,43471,428,410
VT,Windsor,56552,551,540
WA,Adams,17732,423,93
WA,Asotin,21432,276,217
WA,Benton,168294,2394,1125
WA,Chelan,72372,965,626
WA,Clallam,71413,701,882
WA,Clark,432002,6006,2905
WA,Columbia,4040,34,44
WA,Cowlitz,101966,1346,983
WA,Douglas,37565,579,277
WA,Ferry,7520,77,65
WA,Franklin,77355,1776,332
WA,Garfield,2101,20,17
WA,Grant,88098,1608,602
WA,Grays Harbor,71797,908,771
WA,Island,81054,894,779
WA,Jefferson,29676,244,351
WA,King,1916441,23028,11580
WA,Kitsap,240862,2922,1834
WA,Kittitas,39532,436,257
WA,Klickitat,20554,246,182
WA,Lewis,74741,977,823
WA,Lincoln,10248,113,115
WA,Mason,58016,693,570
WA,Okanogan,40552,575,390
WA,Pacific,21272,227,298
WA,Pend Oreille,12946,131,137
WA,Pierce,796836,10965,5775
WA,San Juan,15484,116,130
WA,Skagit,119534,1594,1083
WA,Skamania,10894,108,76
WA,Snohomish,694571,9399,4352
WA,Spokane,468684,6187,3811
WA,Stevens,42334,551,421
WA,Thurston,250979,3042,1831
WA,Wahkiakum,4062,43,56
WA,Walla Walla,59059,768,542
WA,Whatcom,200434,2429,1419
WA,Whitman,42689,452,217
WA,Yakima,239054,4326,1776
WI,Adams,20088,169,222
WI,Ashland,16181,200,184
WI,Barron,45591,543,489
WI,Bayfield,14789,134,151
WI,Brown,247319,3420,1641
WI,Buffalo,13425,147,141
WI,Burnett,15884,145,173
WI,Calumet,44739,662,263
WI,Chippewa,60609,799,514
WI,Clark,33426,583,333
WI,Columbia,55170,670,492
WI,Crawford,16731,211,166
WI,Dane,491357,6227,2736
WI,Dodge,87335,985,855
WI,Door,27815,263,317
WI,Douglas,44274,486,417
WI,Dunn,42968,470,310
WI,Eau Claire,99409,1230,722
WI,Florence,4554,35,48
WI,Fond du Lac,100070,1210,915
WI,Forest,9605,112,113
WI,Grant,48965,616,492
WI,Green,36110,437,338
WI,Green Lake,18472,230,242
WI,Iowa,23498,330,206
WI,Iron,6078,44,89
WI,Jackson,19886,250,179
WI,Jefferson,80833,1051,635
WI,Juneau,26451,292,283
WI,Kenosha,165382,2245,1218
WI,Kewaunee,20315,230,173
WI,La Crosse,113679,1355,905
WI,Lafayette,15737,211,141
WI,Langlade,20008,208,238
WI,Lincoln,29404,299,325
WI,Manitowoc,80583,931,780
WI,Marathon,131612,1677,1045
WI,Marinette,41968,429,478
WI,Marquette,14727,173,179
WI,Menominee,4513,118,15
WI,Milwaukee,959521,15010,8108
WI,Monroe,43760,679,418
WI,Oconto,37149,393,334
WI,Oneida,35930,333,389
WI,Outagamie,177155,2387,1205
WI,Ozaukee,86311,862,650
WI,Pepin,7293,91,69
WI,Pierce,40081,468,257
WI,Polk,44252,522,441
WI,Portage,69176,776,475
WI,Price,14214,120,180
WI,Racine,200601,2678,1563
WI,Richland,17848,225,188
WI,Rock,160155,2111,1342
WI,Rusk,14367,163,167
WI,St. Croix,83351,1175,501
WI,Sauk,58922,799,553
WI,Sawyer,16939,192,184
WI,Shawano,41166,478,434
WI,Sheboygan,114560,1439,1006
WI,Taylor,19222,258,204
WI,Trempealeau,27754,379,278
WI,Vernon,29324,456,297
WI,Vilas,21496,179,274
WI,Walworth,100593,1214,812
WI,Washburn,16666,183,173
WI,Washington,130681,1575,936
WI,Waukesha,383154,4178,2989
WI,Waupaca,51665,568,664
WI,Waushara,24606,251,252
WI,Winnebago,163370,1927,1295
WI,Wood,73932,903,707
WV,Barbour,15758,184,191
WV,Berkeley,103854,1373,802
WV,Boone,24709,285,297
WV,Braxton,14434,138,171
WV,Brooke,23509,211,305
WV,Cabell,95214,1119,1171
WV,Calhoun,7118,72,89
WV,Clay,10022,124,117
WV,Doddridge,7202,70,87
WV,Fayette,46123,563,565
WV,Gilmer,6824,71,82
WV,Grant,11833,123,139
WV,Greenbrier,34527,369,438
WV,Hampshire,22695,248,236
WV,Hancock,29729,309,406
WV,Hardy,13611,149,141
WV,Harrison,68911,854,822
WV,Jackson,28067,317,332
WV,Jefferson,52750,645,421
WV,Kanawha,191663,2187,2323
WV,Lewis,17391,202,222
WV,Lincoln,22147,270,251
WV,Logan,35498,397,458
WV,McDowell,22398,254,328
WV,Marion,56706,628,699
WV,Marshall,32556,307,383
WV,Mason,25568,287,302
WV,Mercer,61921,688,803
WV,Mineral,27204,300,289
WV,Mingo,26387,322,313
WV,Monongalia,90080,969,619
WV,Monroe,13715,127,148
WV,Morgan,16385,147,214
WV,Nicholas,26213,298,308
WV,Ohio,44015,465,574
WV,Pendleton,7390,74,86
WV,Pleasants,7364,58,99
WV,Pocahontas,8418,76,111
WV,Preston,30247,315,356
WV,Putnam,55673,692,523
WV,Raleigh,79187,864,896
WV,Randolph,28390,317,344
WV,Ritchie,10208,117,120
WV,Roane,14870,164,158
WV,Summers,13081,106,159
WV,Taylor,16328,162,186
WV,Tucker,6812,62,90
WV,Tyler,8680,86,123
WV,Upshur,23806,271,260
WV,Wayne,41119,423,476
WV,Webster,9444,93,118
WV,Wetzel,16226,185,195
WV,Wirt,5605,59,70
WV,Wood,86888,962,972
WV,Wyoming,23304,239,276
WY,Albany,33979,437,171
WY,Big Horn,11581,161,137
WY,Campbell,43967,736,220
WY,Carbon,15720,220,114
WY,Converse,13578,190,103
WY,Crook,6653,88,57
WY,Fremont,38719,633,367
WY,Goshen,12319,147,124
WY,Hot Springs,4590,43,66
WY,Johnson,8531,110,84
WY,Laramie,88854,1327,701
WY,Lincoln,16995,301,120
WY,Natrona,74508,1078,617
WY,Niobrara,2366,29,20
WY,Park,27976,329,258
WY,Platte,8196,81,98
WY,Sheridan,29163,381,302
WY,Sublette,8792,140,55
WY,Sweetwater,41226,694,241
WY,Teton,20710,307,88
WY,Uinta,20927,333,134
WY,Washakie,7911,106,90
WY,Weston,7009,81,70
DC,Washington,599657,8314,5234